sale_date,atc_category,medicine_name,sales_amount
2023-01-01,Cardiovascular,Atorvastatin,1259.05
2023-01-01,Antibiotics,Azithromycin,2022.94
2023-01-01,Analgesics,Aspirin,1020.68
2023-01-02,Cardiovascular,Losartan,886.97
2023-01-02,Antibiotics,Amoxicillin,1704.72
2023-01-02,Analgesics,Paracetamol,929.64
2023-01-03,Cardiovascular,Losartan,576.35
2023-01-03,Antibiotics,Ciprofloxacin,1945.19
2023-01-03,Analgesics,Ibuprofen,1512.5
2023-01-04,Cardiovascular,Losartan,898.16
2023-01-04,Antibiotics,Ciprofloxacin,1629.14
2023-01-04,Analgesics,Paracetamol,2367.85
2023-01-05,Cardiovascular,Atorvastatin,1305.44
2023-01-05,Antibiotics,Amoxicillin,1078.71
2023-01-05,Analgesics,Aspirin,2231.68
2023-01-06,Cardiovascular,Amlodipine,733.78
2023-01-06,Antibiotics,Azithromycin,712.59
2023-01-06,Analgesics,Aspirin,2390.24
2023-01-07,Cardiovascular,Losartan,842.09
2023-01-07,Antibiotics,Azithromycin,2302.29
2023-01-07,Analgesics,Aspirin,1561.92
2023-01-08,Cardiovascular,Losartan,1539.2
2023-01-08,Antibiotics,Amoxicillin,1092.56
2023-01-08,Analgesics,Ibuprofen,1880.07
2023-01-09,Cardiovascular,Amlodipine,1218.56
2023-01-09,Antibiotics,Amoxicillin,1716.56
2023-01-09,Analgesics,Ibuprofen,1876.32
2023-01-10,Cardiovascular,Losartan,950.54
2023-01-10,Antibiotics,Azithromycin,1060.95
2023-01-10,Analgesics,Aspirin,1656.12
2023-01-11,Cardiovascular,Losartan,954.9
2023-01-11,Antibiotics,Amoxicillin,1682.66
2023-01-11,Analgesics,Ibuprofen,825.78
2023-01-12,Cardiovascular,Amlodipine,545.28
2023-01-12,Antibiotics,Amoxicillin,1057.02
2023-01-12,Analgesics,Paracetamol,528.47
2023-01-13,Cardiovascular,Losartan,1806.11
2023-01-13,Antibiotics,Ciprofloxacin,1455.12
2023-01-13,Analgesics,Ibuprofen,1046.02
2023-01-14,Cardiovascular,Losartan,2035.39
2023-01-14,Antibiotics,Amoxicillin,2198.23
2023-01-14,Analgesics,Ibuprofen,2121.57
2023-01-15,Cardiovascular,Amlodipine,936.43
2023-01-15,Antibiotics,Ciprofloxacin,1297.01
2023-01-15,Analgesics,Aspirin,1648.78
2023-01-16,Cardiovascular,Losartan,1510.25
2023-01-16,Antibiotics,Azithromycin,895.08
2023-01-16,Analgesics,Paracetamol,1685.39
2023-01-17,Cardiovascular,Losartan,2211.07
2023-01-17,Antibiotics,Amoxicillin,747.53
2023-01-17,Analgesics,Ibuprofen,1011.58
2023-01-18,Cardiovascular,Losartan,1039.96
2023-01-18,Antibiotics,Azithromycin,1520.63
2023-01-18,Analgesics,Aspirin,2126.05
2023-01-19,Cardiovascular,Amlodipine,1289.37
2023-01-19,Antibiotics,Amoxicillin,1323.98
2023-01-19,Analgesics,Paracetamol,2475.72
2023-01-20,Cardiovascular,Amlodipine,592.71
2023-01-20,Antibiotics,Azithromycin,1425.1
2023-01-20,Analgesics,Ibuprofen,1451.7
2023-01-21,Cardiovascular,Atorvastatin,819.37
2023-01-21,Antibiotics,Azithromycin,2445.52
2023-01-21,Analgesics,Ibuprofen,1641.62
2023-01-22,Cardiovascular,Amlodipine,1041.64
2023-01-22,Antibiotics,Ciprofloxacin,1644.06
2023-01-22,Analgesics,Paracetamol,2080.86
2023-01-23,Cardiovascular,Amlodipine,1030.09
2023-01-23,Antibiotics,Ciprofloxacin,2418.5
2023-01-23,Analgesics,Ibuprofen,1781.03
2023-01-24,Cardiovascular,Losartan,600.54
2023-01-24,Antibiotics,Amoxicillin,2409.28
2023-01-24,Analgesics,Ibuprofen,2362.5
2023-01-25,Cardiovascular,Atorvastatin,1661.47
2023-01-25,Antibiotics,Amoxicillin,1772.64
2023-01-25,Analgesics,Ibuprofen,590.48
2023-01-26,Cardiovascular,Amlodipine,1173.71
2023-01-26,Antibiotics,Ciprofloxacin,1706.96
2023-01-26,Analgesics,Ibuprofen,1865.34
2023-01-27,Cardiovascular,Amlodipine,1840.18
2023-01-27,Antibiotics,Amoxicillin,2034.46
2023-01-27,Analgesics,Aspirin,1182.28
2023-01-28,Cardiovascular,Atorvastatin,974.41
2023-01-28,Antibiotics,Amoxicillin,961.09
2023-01-28,Analgesics,Aspirin,1431.27
2023-01-29,Cardiovascular,Atorvastatin,1831.3
2023-01-29,Antibiotics,Ciprofloxacin,832.96
2023-01-29,Analgesics,Aspirin,2107.19
2023-01-30,Cardiovascular,Amlodipine,824.5
2023-01-30,Antibiotics,Ciprofloxacin,1808.22
2023-01-30,Analgesics,Paracetamol,871.73
2023-01-31,Cardiovascular,Amlodipine,2465.9
2023-01-31,Antibiotics,Azithromycin,1236.61
2023-01-31,Analgesics,Aspirin,913.08
2023-02-01,Cardiovascular,Losartan,1288.17
2023-02-01,Antibiotics,Azithromycin,1827.54
2023-02-01,Analgesics,Paracetamol,695.64
2023-02-02,Cardiovascular,Losartan,1515.12
2023-02-02,Antibiotics,Ciprofloxacin,1683.71
2023-02-02,Analgesics,Paracetamol,2365.93
2023-02-03,Cardiovascular,Losartan,1742.88
2023-02-03,Antibiotics,Azithromycin,887.53
2023-02-03,Analgesics,Paracetamol,1003.56
2023-02-04,Cardiovascular,Atorvastatin,931.16
2023-02-04,Antibiotics,Amoxicillin,1329.99
2023-02-04,Analgesics,Aspirin,879.31
2023-02-05,Cardiovascular,Atorvastatin,1044.05
2023-02-05,Antibiotics,Ciprofloxacin,1129.43
2023-02-05,Analgesics,Aspirin,2031.22
2023-02-06,Cardiovascular,Losartan,1506.49
2023-02-06,Antibiotics,Azithromycin,825.31
2023-02-06,Analgesics,Aspirin,1518.19
2023-02-07,Cardiovascular,Amlodipine,2392.05
2023-02-07,Antibiotics,Ciprofloxacin,2402.99
2023-02-07,Analgesics,Ibuprofen,845.15
2023-02-08,Cardiovascular,Atorvastatin,2446.65
2023-02-08,Antibiotics,Amoxicillin,2020.64
2023-02-08,Analgesics,Aspirin,2140.98
2023-02-09,Cardiovascular,Amlodipine,2278.8
2023-02-09,Antibiotics,Azithromycin,630.7
2023-02-09,Analgesics,Paracetamol,1492.75
2023-02-10,Cardiovascular,Losartan,704.2
2023-02-10,Antibiotics,Amoxicillin,705.97
2023-02-10,Analgesics,Aspirin,1187.18
2023-02-11,Cardiovascular,Amlodipine,617.96
2023-02-11,Antibiotics,Amoxicillin,502.95
2023-02-11,Analgesics,Ibuprofen,1348.22
2023-02-12,Cardiovascular,Losartan,1897.78
2023-02-12,Antibiotics,Ciprofloxacin,2259.05
2023-02-12,Analgesics,Ibuprofen,1606.05
2023-02-13,Cardiovascular,Amlodipine,2034.23
2023-02-13,Antibiotics,Azithromycin,1150.1
2023-02-13,Analgesics,Aspirin,1600.33
2023-02-14,Cardiovascular,Atorvastatin,1977.69
2023-02-14,Antibiotics,Azithromycin,982.53
2023-02-14,Analgesics,Paracetamol,1460.75
2023-02-15,Cardiovascular,Atorvastatin,1338.01
2023-02-15,Antibiotics,Ciprofloxacin,946.21
2023-02-15,Analgesics,Ibuprofen,561.41
2023-02-16,Cardiovascular,Losartan,1341.61
2023-02-16,Antibiotics,Ciprofloxacin,523.25
2023-02-16,Analgesics,Paracetamol,1343.25
2023-02-17,Cardiovascular,Atorvastatin,733.37
2023-02-17,Antibiotics,Ciprofloxacin,1832.0
2023-02-17,Analgesics,Ibuprofen,1697.35
2023-02-18,Cardiovascular,Atorvastatin,822.94
2023-02-18,Antibiotics,Amoxicillin,1098.73
2023-02-18,Analgesics,Ibuprofen,720.31
2023-02-19,Cardiovascular,Losartan,811.14
2023-02-19,Antibiotics,Azithromycin,1328.39
2023-02-19,Analgesics,Aspirin,2091.37
2023-02-20,Cardiovascular,Atorvastatin,753.95
2023-02-20,Antibiotics,Amoxicillin,1445.27
2023-02-20,Analgesics,Paracetamol,2038.06
2023-02-21,Cardiovascular,Losartan,1375.6
2023-02-21,Antibiotics,Amoxicillin,1395.39
2023-02-21,Analgesics,Ibuprofen,1667.84
2023-02-22,Cardiovascular,Atorvastatin,941.68
2023-02-22,Antibiotics,Amoxicillin,2248.67
2023-02-22,Analgesics,Paracetamol,2303.36
2023-02-23,Cardiovascular,Amlodipine,913.75
2023-02-23,Antibiotics,Amoxicillin,769.18
2023-02-23,Analgesics,Ibuprofen,656.94
2023-02-24,Cardiovascular,Amlodipine,1814.75
2023-02-24,Antibiotics,Azithromycin,2181.41
2023-02-24,Analgesics,Paracetamol,1861.99
2023-02-25,Cardiovascular,Losartan,1811.1
2023-02-25,Antibiotics,Azithromycin,2405.04
2023-02-25,Analgesics,Paracetamol,2180.27
2023-02-26,Cardiovascular,Amlodipine,1160.74
2023-02-26,Antibiotics,Azithromycin,2286.29
2023-02-26,Analgesics,Aspirin,1686.31
2023-02-27,Cardiovascular,Atorvastatin,1968.46
2023-02-27,Antibiotics,Azithromycin,2118.93
2023-02-27,Analgesics,Aspirin,1987.43
2023-02-28,Cardiovascular,Atorvastatin,2345.1
2023-02-28,Antibiotics,Ciprofloxacin,1251.41
2023-02-28,Analgesics,Ibuprofen,2461.16
2023-03-01,Cardiovascular,Atorvastatin,1133.15
2023-03-01,Antibiotics,Amoxicillin,2318.05
2023-03-01,Analgesics,Aspirin,2109.16
2023-03-02,Cardiovascular,Amlodipine,986.65
2023-03-02,Antibiotics,Ciprofloxacin,985.77
2023-03-02,Analgesics,Ibuprofen,938.48
2023-03-03,Cardiovascular,Atorvastatin,853.39
2023-03-03,Antibiotics,Amoxicillin,1424.2
2023-03-03,Analgesics,Paracetamol,667.72
2023-03-04,Cardiovascular,Losartan,2273.87
2023-03-04,Antibiotics,Azithromycin,1080.4
2023-03-04,Analgesics,Aspirin,1404.55
2023-03-05,Cardiovascular,Atorvastatin,2361.54
2023-03-05,Antibiotics,Ciprofloxacin,770.63
2023-03-05,Analgesics,Aspirin,1880.74
2023-03-06,Cardiovascular,Amlodipine,536.18
2023-03-06,Antibiotics,Amoxicillin,683.83
2023-03-06,Analgesics,Ibuprofen,1386.76
2023-03-07,Cardiovascular,Atorvastatin,1012.38
2023-03-07,Antibiotics,Amoxicillin,2428.64
2023-03-07,Analgesics,Ibuprofen,1994.97
2023-03-08,Cardiovascular,Atorvastatin,2025.85
2023-03-08,Antibiotics,Amoxicillin,1765.44
2023-03-08,Analgesics,Paracetamol,2376.33
2023-03-09,Cardiovascular,Losartan,1055.83
2023-03-09,Antibiotics,Ciprofloxacin,954.01
2023-03-09,Analgesics,Paracetamol,951.22
2023-03-10,Cardiovascular,Losartan,1724.05
2023-03-10,Antibiotics,Ciprofloxacin,2212.79
2023-03-10,Analgesics,Ibuprofen,879.28
2023-03-11,Cardiovascular,Amlodipine,1467.91
2023-03-11,Antibiotics,Ciprofloxacin,1197.95
2023-03-11,Analgesics,Paracetamol,1284.36
2023-03-12,Cardiovascular,Amlodipine,2460.54
2023-03-12,Antibiotics,Azithromycin,1361.92
2023-03-12,Analgesics,Ibuprofen,2430.12
2023-03-13,Cardiovascular,Atorvastatin,1570.83
2023-03-13,Antibiotics,Ciprofloxacin,1857.18
2023-03-13,Analgesics,Paracetamol,880.15
2023-03-14,Cardiovascular,Atorvastatin,1418.46
2023-03-14,Antibiotics,Ciprofloxacin,777.28
2023-03-14,Analgesics,Aspirin,995.27
2023-03-15,Cardiovascular,Losartan,2499.06
2023-03-15,Antibiotics,Amoxicillin,1018.77
2023-03-15,Analgesics,Ibuprofen,688.83
2023-03-16,Cardiovascular,Amlodipine,745.91
2023-03-16,Antibiotics,Azithromycin,1328.44
2023-03-16,Analgesics,Ibuprofen,1875.91
2023-03-17,Cardiovascular,Losartan,960.19
2023-03-17,Antibiotics,Amoxicillin,768.61
2023-03-17,Analgesics,Ibuprofen,2378.26
2023-03-18,Cardiovascular,Losartan,1386.84
2023-03-18,Antibiotics,Amoxicillin,2321.33
2023-03-18,Analgesics,Paracetamol,1141.45
2023-03-19,Cardiovascular,Losartan,1675.05
2023-03-19,Antibiotics,Ciprofloxacin,915.0
2023-03-19,Analgesics,Paracetamol,2055.37
2023-03-20,Cardiovascular,Losartan,1876.7
2023-03-20,Antibiotics,Azithromycin,1672.89
2023-03-20,Analgesics,Aspirin,1043.5
2023-03-21,Cardiovascular,Losartan,1570.5
2023-03-21,Antibiotics,Azithromycin,2041.97
2023-03-21,Analgesics,Ibuprofen,524.86
2023-03-22,Cardiovascular,Atorvastatin,714.49
2023-03-22,Antibiotics,Azithromycin,1376.54
2023-03-22,Analgesics,Paracetamol,1067.79
2023-03-23,Cardiovascular,Losartan,1183.03
2023-03-23,Antibiotics,Azithromycin,2347.25
2023-03-23,Analgesics,Paracetamol,1111.31
2023-03-24,Cardiovascular,Amlodipine,1472.55
2023-03-24,Antibiotics,Azithromycin,1315.83
2023-03-24,Analgesics,Ibuprofen,2326.24
2023-03-25,Cardiovascular,Losartan,1376.37
2023-03-25,Antibiotics,Azithromycin,775.2
2023-03-25,Analgesics,Paracetamol,825.84
2023-03-26,Cardiovascular,Losartan,1998.76
2023-03-26,Antibiotics,Ciprofloxacin,1529.91
2023-03-26,Analgesics,Aspirin,831.0
2023-03-27,Cardiovascular,Losartan,1902.38
2023-03-27,Antibiotics,Ciprofloxacin,1589.46
2023-03-27,Analgesics,Ibuprofen,1527.32
2023-03-28,Cardiovascular,Amlodipine,1712.88
2023-03-28,Antibiotics,Amoxicillin,1882.13
2023-03-28,Analgesics,Ibuprofen,2091.23
2023-03-29,Cardiovascular,Atorvastatin,2005.85
2023-03-29,Antibiotics,Azithromycin,2468.69
2023-03-29,Analgesics,Ibuprofen,1225.95
2023-03-30,Cardiovascular,Amlodipine,1014.53
2023-03-30,Antibiotics,Azithromycin,1378.77
2023-03-30,Analgesics,Ibuprofen,1355.22
2023-03-31,Cardiovascular,Amlodipine,790.39
2023-03-31,Antibiotics,Ciprofloxacin,1981.11
2023-03-31,Analgesics,Ibuprofen,1710.57
2023-04-01,Cardiovascular,Losartan,512.02
2023-04-01,Antibiotics,Amoxicillin,2397.27
2023-04-01,Analgesics,Ibuprofen,1834.95
2023-04-02,Cardiovascular,Amlodipine,2050.92
2023-04-02,Antibiotics,Ciprofloxacin,1778.4
2023-04-02,Analgesics,Aspirin,1972.9
2023-04-03,Cardiovascular,Losartan,871.19
2023-04-03,Antibiotics,Ciprofloxacin,1748.07
2023-04-03,Analgesics,Ibuprofen,1569.77
2023-04-04,Cardiovascular,Atorvastatin,1648.47
2023-04-04,Antibiotics,Ciprofloxacin,1407.14
2023-04-04,Analgesics,Aspirin,839.32
2023-04-05,Cardiovascular,Atorvastatin,800.73
2023-04-05,Antibiotics,Amoxicillin,1112.33
2023-04-05,Analgesics,Aspirin,1284.91
2023-04-06,Cardiovascular,Atorvastatin,1429.68
2023-04-06,Antibiotics,Amoxicillin,1330.43
2023-04-06,Analgesics,Paracetamol,2280.61
2023-04-07,Cardiovascular,Atorvastatin,1653.93
2023-04-07,Antibiotics,Amoxicillin,1634.67
2023-04-07,Analgesics,Aspirin,974.2
2023-04-08,Cardiovascular,Amlodipine,1669.69
2023-04-08,Antibiotics,Ciprofloxacin,1572.5
2023-04-08,Analgesics,Ibuprofen,1485.45
2023-04-09,Cardiovascular,Losartan,1135.22
2023-04-09,Antibiotics,Azithromycin,1090.54
2023-04-09,Analgesics,Paracetamol,674.2
2023-04-10,Cardiovascular,Amlodipine,1216.93
2023-04-10,Antibiotics,Azithromycin,2298.85
2023-04-10,Analgesics,Paracetamol,1479.01
2023-04-11,Cardiovascular,Losartan,1208.64
2023-04-11,Antibiotics,Azithromycin,2074.54
2023-04-11,Analgesics,Aspirin,1054.44
2023-04-12,Cardiovascular,Atorvastatin,656.21
2023-04-12,Antibiotics,Ciprofloxacin,1519.86
2023-04-12,Analgesics,Paracetamol,1693.65
2023-04-13,Cardiovascular,Amlodipine,1682.71
2023-04-13,Antibiotics,Amoxicillin,1473.95
2023-04-13,Analgesics,Aspirin,2327.06
2023-04-14,Cardiovascular,Atorvastatin,2392.97
2023-04-14,Antibiotics,Azithromycin,2110.15
2023-04-14,Analgesics,Paracetamol,2453.17
2023-04-15,Cardiovascular,Losartan,920.98
2023-04-15,Antibiotics,Amoxicillin,1314.7
2023-04-15,Analgesics,Paracetamol,571.95
2023-04-16,Cardiovascular,Atorvastatin,1550.36
2023-04-16,Antibiotics,Ciprofloxacin,1036.82
2023-04-16,Analgesics,Aspirin,984.34
2023-04-17,Cardiovascular,Amlodipine,1856.72
2023-04-17,Antibiotics,Azithromycin,1896.18
2023-04-17,Analgesics,Paracetamol,800.08
2023-04-18,Cardiovascular,Amlodipine,1674.09
2023-04-18,Antibiotics,Ciprofloxacin,997.6
2023-04-18,Analgesics,Ibuprofen,737.88
2023-04-19,Cardiovascular,Losartan,1889.26
2023-04-19,Antibiotics,Ciprofloxacin,690.03
2023-04-19,Analgesics,Ibuprofen,882.24
2023-04-20,Cardiovascular,Atorvastatin,909.23
2023-04-20,Antibiotics,Ciprofloxacin,1179.03
2023-04-20,Analgesics,Aspirin,2290.23
2023-04-21,Cardiovascular,Atorvastatin,2115.94
2023-04-21,Antibiotics,Azithromycin,786.62
2023-04-21,Analgesics,Ibuprofen,1302.25
2023-04-22,Cardiovascular,Atorvastatin,1627.21
2023-04-22,Antibiotics,Amoxicillin,1556.56
2023-04-22,Analgesics,Ibuprofen,1536.76
2023-04-23,Cardiovascular,Losartan,874.3
2023-04-23,Antibiotics,Ciprofloxacin,1967.15
2023-04-23,Analgesics,Ibuprofen,2090.73
2023-04-24,Cardiovascular,Atorvastatin,2105.3
2023-04-24,Antibiotics,Amoxicillin,2229.8
2023-04-24,Analgesics,Aspirin,1816.26
2023-04-25,Cardiovascular,Amlodipine,2002.82
2023-04-25,Antibiotics,Azithromycin,1195.09
2023-04-25,Analgesics,Paracetamol,1711.58
2023-04-26,Cardiovascular,Amlodipine,1755.02
2023-04-26,Antibiotics,Amoxicillin,730.57
2023-04-26,Analgesics,Paracetamol,1195.65
2023-04-27,Cardiovascular,Atorvastatin,1849.86
2023-04-27,Antibiotics,Amoxicillin,847.56
2023-04-27,Analgesics,Ibuprofen,1018.6
2023-04-28,Cardiovascular,Atorvastatin,905.28
2023-04-28,Antibiotics,Amoxicillin,2419.06
2023-04-28,Analgesics,Paracetamol,784.46
2023-04-29,Cardiovascular,Losartan,1400.01
2023-04-29,Antibiotics,Amoxicillin,1428.24
2023-04-29,Analgesics,Aspirin,1163.52
2023-04-30,Cardiovascular,Losartan,1084.81
2023-04-30,Antibiotics,Ciprofloxacin,2466.87
2023-04-30,Analgesics,Paracetamol,1393.88
2023-05-01,Cardiovascular,Amlodipine,1384.96
2023-05-01,Antibiotics,Ciprofloxacin,2333.23
2023-05-01,Analgesics,Ibuprofen,1466.04
2023-05-02,Cardiovascular,Amlodipine,519.94
2023-05-02,Antibiotics,Azithromycin,1256.32
2023-05-02,Analgesics,Paracetamol,2185.18
2023-05-03,Cardiovascular,Atorvastatin,939.96
2023-05-03,Antibiotics,Amoxicillin,1676.82
2023-05-03,Analgesics,Ibuprofen,2190.43
2023-05-04,Cardiovascular,Amlodipine,917.0
2023-05-04,Antibiotics,Ciprofloxacin,1378.42
2023-05-04,Analgesics,Ibuprofen,2166.31
2023-05-05,Cardiovascular,Amlodipine,1005.55
2023-05-05,Antibiotics,Ciprofloxacin,2018.86
2023-05-05,Analgesics,Paracetamol,916.07
2023-05-06,Cardiovascular,Amlodipine,2302.03
2023-05-06,Antibiotics,Ciprofloxacin,1253.81
2023-05-06,Analgesics,Paracetamol,1851.16
2023-05-07,Cardiovascular,Amlodipine,527.76
2023-05-07,Antibiotics,Ciprofloxacin,2100.08
2023-05-07,Analgesics,Paracetamol,1040.54
2023-05-08,Cardiovascular,Losartan,1520.18
2023-05-08,Antibiotics,Ciprofloxacin,676.99
2023-05-08,Analgesics,Paracetamol,1370.44
2023-05-09,Cardiovascular,Amlodipine,1660.68
2023-05-09,Antibiotics,Amoxicillin,1000.08
2023-05-09,Analgesics,Ibuprofen,507.9
2023-05-10,Cardiovascular,Losartan,2397.92
2023-05-10,Antibiotics,Ciprofloxacin,775.57
2023-05-10,Analgesics,Paracetamol,2177.31
2023-05-11,Cardiovascular,Amlodipine,1229.03
2023-05-11,Antibiotics,Ciprofloxacin,1916.14
2023-05-11,Analgesics,Aspirin,718.36
2023-05-12,Cardiovascular,Losartan,889.42
2023-05-12,Antibiotics,Ciprofloxacin,2316.73
2023-05-12,Analgesics,Aspirin,1099.76
2023-05-13,Cardiovascular,Atorvastatin,592.14
2023-05-13,Antibiotics,Ciprofloxacin,2253.18
2023-05-13,Analgesics,Ibuprofen,1577.56
2023-05-14,Cardiovascular,Losartan,1841.81
2023-05-14,Antibiotics,Ciprofloxacin,2054.55
2023-05-14,Analgesics,Aspirin,1501.92
2023-05-15,Cardiovascular,Atorvastatin,2120.93
2023-05-15,Antibiotics,Azithromycin,1226.94
2023-05-15,Analgesics,Paracetamol,609.23
2023-05-16,Cardiovascular,Atorvastatin,1193.35
2023-05-16,Antibiotics,Azithromycin,2235.54
2023-05-16,Analgesics,Aspirin,526.12
2023-05-17,Cardiovascular,Losartan,1217.41
2023-05-17,Antibiotics,Ciprofloxacin,2361.32
2023-05-17,Analgesics,Paracetamol,817.46
2023-05-18,Cardiovascular,Losartan,1834.09
2023-05-18,Antibiotics,Amoxicillin,2299.29
2023-05-18,Analgesics,Aspirin,909.59
2023-05-19,Cardiovascular,Atorvastatin,922.6
2023-05-19,Antibiotics,Amoxicillin,1070.39
2023-05-19,Analgesics,Ibuprofen,2418.08
2023-05-20,Cardiovascular,Atorvastatin,826.5
2023-05-20,Antibiotics,Amoxicillin,2298.92
2023-05-20,Analgesics,Paracetamol,870.98
2023-05-21,Cardiovascular,Amlodipine,1625.59
2023-05-21,Antibiotics,Azithromycin,1946.52
2023-05-21,Analgesics,Ibuprofen,2374.49
2023-05-22,Cardiovascular,Losartan,1256.85
2023-05-22,Antibiotics,Azithromycin,928.66
2023-05-22,Analgesics,Aspirin,1233.85
2023-05-23,Cardiovascular,Amlodipine,1413.39
2023-05-23,Antibiotics,Ciprofloxacin,1149.97
2023-05-23,Analgesics,Aspirin,1333.51
2023-05-24,Cardiovascular,Atorvastatin,1697.15
2023-05-24,Antibiotics,Azithromycin,2443.85
2023-05-24,Analgesics,Paracetamol,1156.55
2023-05-25,Cardiovascular,Losartan,2466.23
2023-05-25,Antibiotics,Azithromycin,1608.05
2023-05-25,Analgesics,Ibuprofen,827.9
2023-05-26,Cardiovascular,Losartan,2350.52
2023-05-26,Antibiotics,Amoxicillin,1624.83
2023-05-26,Analgesics,Ibuprofen,597.15
2023-05-27,Cardiovascular,Losartan,1273.16
2023-05-27,Antibiotics,Azithromycin,737.29
2023-05-27,Analgesics,Aspirin,1596.04
2023-05-28,Cardiovascular,Losartan,1191.11
2023-05-28,Antibiotics,Amoxicillin,928.58
2023-05-28,Analgesics,Aspirin,783.15
2023-05-29,Cardiovascular,Losartan,2170.51
2023-05-29,Antibiotics,Ciprofloxacin,1163.07
2023-05-29,Analgesics,Ibuprofen,2496.38
2023-05-30,Cardiovascular,Amlodipine,1576.68
2023-05-30,Antibiotics,Ciprofloxacin,1040.69
2023-05-30,Analgesics,Paracetamol,537.74
2023-05-31,Cardiovascular,Amlodipine,1452.3
2023-05-31,Antibiotics,Azithromycin,769.61
2023-05-31,Analgesics,Paracetamol,2452.9
2023-06-01,Cardiovascular,Amlodipine,1929.34
2023-06-01,Antibiotics,Ciprofloxacin,2249.13
2023-06-01,Analgesics,Ibuprofen,1801.79
2023-06-02,Cardiovascular,Losartan,1098.9
2023-06-02,Antibiotics,Amoxicillin,709.36
2023-06-02,Analgesics,Ibuprofen,1168.34
2023-06-03,Cardiovascular,Atorvastatin,1287.71
2023-06-03,Antibiotics,Amoxicillin,2126.12
2023-06-03,Analgesics,Paracetamol,775.07
2023-06-04,Cardiovascular,Losartan,2318.79
2023-06-04,Antibiotics,Ciprofloxacin,1356.21
2023-06-04,Analgesics,Aspirin,1595.48
2023-06-05,Cardiovascular,Atorvastatin,1643.57
2023-06-05,Antibiotics,Azithromycin,1877.26
2023-06-05,Analgesics,Paracetamol,2315.03
2023-06-06,Cardiovascular,Amlodipine,1580.62
2023-06-06,Antibiotics,Azithromycin,1038.62
2023-06-06,Analgesics,Aspirin,1047.8
2023-06-07,Cardiovascular,Atorvastatin,2268.67
2023-06-07,Antibiotics,Amoxicillin,1166.82
2023-06-07,Analgesics,Ibuprofen,1498.91
2023-06-08,Cardiovascular,Amlodipine,1418.84
2023-06-08,Antibiotics,Ciprofloxacin,1907.16
2023-06-08,Analgesics,Ibuprofen,556.75
2023-06-09,Cardiovascular,Losartan,1309.24
2023-06-09,Antibiotics,Amoxicillin,1541.39
2023-06-09,Analgesics,Aspirin,1790.1
2023-06-10,Cardiovascular,Losartan,1049.23
2023-06-10,Antibiotics,Amoxicillin,2262.72
2023-06-10,Analgesics,Ibuprofen,1451.39
2023-06-11,Cardiovascular,Atorvastatin,1776.36
2023-06-11,Antibiotics,Azithromycin,1181.76
2023-06-11,Analgesics,Ibuprofen,1914.98
2023-06-12,Cardiovascular,Amlodipine,1652.2
2023-06-12,Antibiotics,Ciprofloxacin,583.13
2023-06-12,Analgesics,Paracetamol,854.66
2023-06-13,Cardiovascular,Amlodipine,1775.23
2023-06-13,Antibiotics,Ciprofloxacin,883.93
2023-06-13,Analgesics,Ibuprofen,2326.96
2023-06-14,Cardiovascular,Atorvastatin,1037.97
2023-06-14,Antibiotics,Azithromycin,2205.13
2023-06-14,Analgesics,Aspirin,1815.9
2023-06-15,Cardiovascular,Atorvastatin,1930.35
2023-06-15,Antibiotics,Amoxicillin,809.87
2023-06-15,Analgesics,Paracetamol,1853.33
2023-06-16,Cardiovascular,Losartan,1366.48
2023-06-16,Antibiotics,Amoxicillin,2042.42
2023-06-16,Analgesics,Paracetamol,1046.61
2023-06-17,Cardiovascular,Losartan,972.06
2023-06-17,Antibiotics,Amoxicillin,2400.91
2023-06-17,Analgesics,Ibuprofen,933.16
2023-06-18,Cardiovascular,Losartan,1359.21
2023-06-18,Antibiotics,Azithromycin,1356.69
2023-06-18,Analgesics,Aspirin,1777.1
2023-06-19,Cardiovascular,Atorvastatin,1181.3
2023-06-19,Antibiotics,Amoxicillin,1813.52
2023-06-19,Analgesics,Ibuprofen,780.62
2023-06-20,Cardiovascular,Atorvastatin,1134.07
2023-06-20,Antibiotics,Azithromycin,2241.6
2023-06-20,Analgesics,Paracetamol,1580.61
2023-06-21,Cardiovascular,Losartan,1102.01
2023-06-21,Antibiotics,Azithromycin,1683.97
2023-06-21,Analgesics,Aspirin,515.39
2023-06-22,Cardiovascular,Losartan,506.55
2023-06-22,Antibiotics,Azithromycin,1837.48
2023-06-22,Analgesics,Aspirin,2128.49
2023-06-23,Cardiovascular,Amlodipine,1706.74
2023-06-23,Antibiotics,Azithromycin,947.33
2023-06-23,Analgesics,Aspirin,582.87
2023-06-24,Cardiovascular,Losartan,1549.62
2023-06-24,Antibiotics,Amoxicillin,1169.15
2023-06-24,Analgesics,Paracetamol,1928.5
2023-06-25,Cardiovascular,Losartan,2342.08
2023-06-25,Antibiotics,Amoxicillin,1690.62
2023-06-25,Analgesics,Ibuprofen,1100.43
2023-06-26,Cardiovascular,Amlodipine,564.57
2023-06-26,Antibiotics,Amoxicillin,655.12
2023-06-26,Analgesics,Aspirin,1584.55
2023-06-27,Cardiovascular,Amlodipine,1463.05
2023-06-27,Antibiotics,Azithromycin,1157.45
2023-06-27,Analgesics,Aspirin,1222.15
2023-06-28,Cardiovascular,Amlodipine,1228.09
2023-06-28,Antibiotics,Ciprofloxacin,2215.44
2023-06-28,Analgesics,Ibuprofen,1560.15
2023-06-29,Cardiovascular,Amlodipine,2287.33
2023-06-29,Antibiotics,Amoxicillin,2063.8
2023-06-29,Analgesics,Ibuprofen,1437.58
2023-06-30,Cardiovascular,Atorvastatin,1004.75
2023-06-30,Antibiotics,Ciprofloxacin,1167.15
2023-06-30,Analgesics,Aspirin,1030.08
2023-07-01,Cardiovascular,Losartan,2178.35
2023-07-01,Antibiotics,Amoxicillin,1218.56
2023-07-01,Analgesics,Ibuprofen,691.98
2023-07-02,Cardiovascular,Losartan,526.27
2023-07-02,Antibiotics,Azithromycin,1856.76
2023-07-02,Analgesics,Ibuprofen,1032.84
2023-07-03,Cardiovascular,Losartan,2214.68
2023-07-03,Antibiotics,Amoxicillin,1729.81
2023-07-03,Analgesics,Paracetamol,1125.32
2023-07-04,Cardiovascular,Atorvastatin,1543.37
2023-07-04,Antibiotics,Azithromycin,1478.16
2023-07-04,Analgesics,Paracetamol,2254.5
2023-07-05,Cardiovascular,Losartan,1910.16
2023-07-05,Antibiotics,Azithromycin,1614.41
2023-07-05,Analgesics,Aspirin,819.18
2023-07-06,Cardiovascular,Amlodipine,590.85
2023-07-06,Antibiotics,Amoxicillin,1873.42
2023-07-06,Analgesics,Aspirin,579.28
2023-07-07,Cardiovascular,Atorvastatin,1309.98
2023-07-07,Antibiotics,Azithromycin,1695.67
2023-07-07,Analgesics,Aspirin,623.46
2023-07-08,Cardiovascular,Atorvastatin,581.39
2023-07-08,Antibiotics,Azithromycin,1873.64
2023-07-08,Analgesics,Paracetamol,1849.6
2023-07-09,Cardiovascular,Losartan,1798.44
2023-07-09,Antibiotics,Ciprofloxacin,1687.66
2023-07-09,Analgesics,Ibuprofen,1929.14
2023-07-10,Cardiovascular,Amlodipine,1752.94
2023-07-10,Antibiotics,Azithromycin,905.51
2023-07-10,Analgesics,Paracetamol,1571.72
2023-07-11,Cardiovascular,Amlodipine,1951.42
2023-07-11,Antibiotics,Amoxicillin,1389.66
2023-07-11,Analgesics,Paracetamol,1999.16
2023-07-12,Cardiovascular,Losartan,1933.19
2023-07-12,Antibiotics,Ciprofloxacin,714.48
2023-07-12,Analgesics,Ibuprofen,1099.08
2023-07-13,Cardiovascular,Atorvastatin,600.23
2023-07-13,Antibiotics,Azithromycin,1213.56
2023-07-13,Analgesics,Paracetamol,1302.55
2023-07-14,Cardiovascular,Losartan,869.37
2023-07-14,Antibiotics,Ciprofloxacin,578.0
2023-07-14,Analgesics,Paracetamol,1300.81
2023-07-15,Cardiovascular,Losartan,1123.77
2023-07-15,Antibiotics,Azithromycin,1446.06
2023-07-15,Analgesics,Aspirin,754.71
2023-07-16,Cardiovascular,Losartan,589.81
2023-07-16,Antibiotics,Amoxicillin,707.77
2023-07-16,Analgesics,Ibuprofen,1052.95
2023-07-17,Cardiovascular,Atorvastatin,2059.48
2023-07-17,Antibiotics,Ciprofloxacin,1900.08
2023-07-17,Analgesics,Paracetamol,1207.98
2023-07-18,Cardiovascular,Atorvastatin,599.29
2023-07-18,Antibiotics,Azithromycin,740.75
2023-07-18,Analgesics,Ibuprofen,2429.66
2023-07-19,Cardiovascular,Amlodipine,1360.33
2023-07-19,Antibiotics,Ciprofloxacin,1871.75
2023-07-19,Analgesics,Paracetamol,2445.09
2023-07-20,Cardiovascular,Atorvastatin,548.03
2023-07-20,Antibiotics,Azithromycin,761.77
2023-07-20,Analgesics,Ibuprofen,1820.02
2023-07-21,Cardiovascular,Amlodipine,2243.49
2023-07-21,Antibiotics,Azithromycin,1579.31
2023-07-21,Analgesics,Aspirin,1593.68
2023-07-22,Cardiovascular,Losartan,668.44
2023-07-22,Antibiotics,Amoxicillin,691.65
2023-07-22,Analgesics,Ibuprofen,657.87
2023-07-23,Cardiovascular,Amlodipine,2306.57
2023-07-23,Antibiotics,Amoxicillin,1468.2
2023-07-23,Analgesics,Aspirin,2271.08
2023-07-24,Cardiovascular,Losartan,1097.47
2023-07-24,Antibiotics,Azithromycin,573.62
2023-07-24,Analgesics,Aspirin,1578.31
2023-07-25,Cardiovascular,Losartan,689.61
2023-07-25,Antibiotics,Azithromycin,2472.98
2023-07-25,Analgesics,Ibuprofen,2230.08
2023-07-26,Cardiovascular,Amlodipine,2435.99
2023-07-26,Antibiotics,Ciprofloxacin,2235.89
2023-07-26,Analgesics,Aspirin,1250.09
2023-07-27,Cardiovascular,Losartan,1987.25
2023-07-27,Antibiotics,Amoxicillin,1400.77
2023-07-27,Analgesics,Paracetamol,903.46
2023-07-28,Cardiovascular,Atorvastatin,1905.8
2023-07-28,Antibiotics,Ciprofloxacin,1200.9
2023-07-28,Analgesics,Paracetamol,1117.35
2023-07-29,Cardiovascular,Atorvastatin,2458.6
2023-07-29,Antibiotics,Amoxicillin,1154.82
2023-07-29,Analgesics,Paracetamol,2309.62
2023-07-30,Cardiovascular,Atorvastatin,2110.01
2023-07-30,Antibiotics,Amoxicillin,2137.86
2023-07-30,Analgesics,Ibuprofen,2403.85
2023-07-31,Cardiovascular,Atorvastatin,805.14
2023-07-31,Antibiotics,Ciprofloxacin,1097.01
2023-07-31,Analgesics,Ibuprofen,871.23
2023-08-01,Cardiovascular,Amlodipine,2066.37
2023-08-01,Antibiotics,Azithromycin,700.96
2023-08-01,Analgesics,Aspirin,2227.22
2023-08-02,Cardiovascular,Amlodipine,1930.31
2023-08-02,Antibiotics,Ciprofloxacin,1332.43
2023-08-02,Analgesics,Aspirin,582.51
2023-08-03,Cardiovascular,Atorvastatin,1466.3
2023-08-03,Antibiotics,Amoxicillin,1918.73
2023-08-03,Analgesics,Ibuprofen,801.66
2023-08-04,Cardiovascular,Amlodipine,1522.38
2023-08-04,Antibiotics,Azithromycin,1199.83
2023-08-04,Analgesics,Aspirin,578.0
2023-08-05,Cardiovascular,Amlodipine,725.35
2023-08-05,Antibiotics,Amoxicillin,1079.14
2023-08-05,Analgesics,Aspirin,1589.41
2023-08-06,Cardiovascular,Atorvastatin,1608.59
2023-08-06,Antibiotics,Ciprofloxacin,1320.06
2023-08-06,Analgesics,Aspirin,2476.88
2023-08-07,Cardiovascular,Atorvastatin,732.4
2023-08-07,Antibiotics,Azithromycin,1364.57
2023-08-07,Analgesics,Aspirin,1225.66
2023-08-08,Cardiovascular,Losartan,2389.14
2023-08-08,Antibiotics,Amoxicillin,1398.23
2023-08-08,Analgesics,Aspirin,1914.58
2023-08-09,Cardiovascular,Amlodipine,1699.12
2023-08-09,Antibiotics,Amoxicillin,1038.72
2023-08-09,Analgesics,Aspirin,1556.22
2023-08-10,Cardiovascular,Amlodipine,742.88
2023-08-10,Antibiotics,Ciprofloxacin,2344.16
2023-08-10,Analgesics,Aspirin,1281.34
2023-08-11,Cardiovascular,Losartan,1783.91
2023-08-11,Antibiotics,Azithromycin,786.93
2023-08-11,Analgesics,Aspirin,1414.05
2023-08-12,Cardiovascular,Amlodipine,2227.61
2023-08-12,Antibiotics,Ciprofloxacin,2113.18
2023-08-12,Analgesics,Aspirin,2399.84
2023-08-13,Cardiovascular,Atorvastatin,1828.79
2023-08-13,Antibiotics,Amoxicillin,1609.6
2023-08-13,Analgesics,Paracetamol,2010.01
2023-08-14,Cardiovascular,Atorvastatin,1400.18
2023-08-14,Antibiotics,Amoxicillin,2148.9
2023-08-14,Analgesics,Paracetamol,1086.65
2023-08-15,Cardiovascular,Amlodipine,541.44
2023-08-15,Antibiotics,Ciprofloxacin,1444.71
2023-08-15,Analgesics,Paracetamol,2351.24
2023-08-16,Cardiovascular,Atorvastatin,1923.57
2023-08-16,Antibiotics,Azithromycin,886.27
2023-08-16,Analgesics,Paracetamol,1691.51
2023-08-17,Cardiovascular,Atorvastatin,1055.23
2023-08-17,Antibiotics,Amoxicillin,1696.97
2023-08-17,Analgesics,Aspirin,1911.46
2023-08-18,Cardiovascular,Losartan,533.2
2023-08-18,Antibiotics,Ciprofloxacin,906.97
2023-08-18,Analgesics,Aspirin,818.28
2023-08-19,Cardiovascular,Atorvastatin,1146.81
2023-08-19,Antibiotics,Azithromycin,1491.23
2023-08-19,Analgesics,Paracetamol,1867.35
2023-08-20,Cardiovascular,Losartan,815.29
2023-08-20,Antibiotics,Azithromycin,1467.52
2023-08-20,Analgesics,Paracetamol,2206.35
2023-08-21,Cardiovascular,Losartan,1284.22
2023-08-21,Antibiotics,Ciprofloxacin,902.86
2023-08-21,Analgesics,Ibuprofen,2133.48
2023-08-22,Cardiovascular,Amlodipine,1056.44
2023-08-22,Antibiotics,Amoxicillin,2290.62
2023-08-22,Analgesics,Ibuprofen,2150.15
2023-08-23,Cardiovascular,Losartan,673.39
2023-08-23,Antibiotics,Amoxicillin,1815.62
2023-08-23,Analgesics,Ibuprofen,2275.97
2023-08-24,Cardiovascular,Amlodipine,770.27
2023-08-24,Antibiotics,Amoxicillin,1841.88
2023-08-24,Analgesics,Aspirin,941.01
2023-08-25,Cardiovascular,Losartan,1374.08
2023-08-25,Antibiotics,Ciprofloxacin,1069.32
2023-08-25,Analgesics,Paracetamol,2438.32
2023-08-26,Cardiovascular,Losartan,2034.48
2023-08-26,Antibiotics,Ciprofloxacin,1805.28
2023-08-26,Analgesics,Paracetamol,1018.37
2023-08-27,Cardiovascular,Amlodipine,1501.91
2023-08-27,Antibiotics,Amoxicillin,2288.41
2023-08-27,Analgesics,Ibuprofen,1504.22
2023-08-28,Cardiovascular,Amlodipine,583.41
2023-08-28,Antibiotics,Amoxicillin,2212.8
2023-08-28,Analgesics,Aspirin,1174.89
2023-08-29,Cardiovascular,Losartan,2457.77
2023-08-29,Antibiotics,Amoxicillin,2153.54
2023-08-29,Analgesics,Paracetamol,1463.66
2023-08-30,Cardiovascular,Amlodipine,1812.5
2023-08-30,Antibiotics,Azithromycin,1225.05
2023-08-30,Analgesics,Paracetamol,1586.65
2023-08-31,Cardiovascular,Losartan,2302.1
2023-08-31,Antibiotics,Ciprofloxacin,1022.84
2023-08-31,Analgesics,Aspirin,1224.17
2023-09-01,Cardiovascular,Atorvastatin,796.12
2023-09-01,Antibiotics,Ciprofloxacin,1809.53
2023-09-01,Analgesics,Ibuprofen,1924.78
2023-09-02,Cardiovascular,Atorvastatin,904.0
2023-09-02,Antibiotics,Azithromycin,566.44
2023-09-02,Analgesics,Aspirin,1976.31
2023-09-03,Cardiovascular,Atorvastatin,2093.12
2023-09-03,Antibiotics,Amoxicillin,1536.21
2023-09-03,Analgesics,Aspirin,1179.72
2023-09-04,Cardiovascular,Amlodipine,1278.17
2023-09-04,Antibiotics,Azithromycin,2128.46
2023-09-04,Analgesics,Aspirin,1043.65
2023-09-05,Cardiovascular,Amlodipine,921.06
2023-09-05,Antibiotics,Azithromycin,1553.27
2023-09-05,Analgesics,Aspirin,1765.53
2023-09-06,Cardiovascular,Amlodipine,2064.6
2023-09-06,Antibiotics,Amoxicillin,2043.19
2023-09-06,Analgesics,Ibuprofen,875.89
2023-09-07,Cardiovascular,Losartan,1046.12
2023-09-07,Antibiotics,Azithromycin,1443.64
2023-09-07,Analgesics,Ibuprofen,2441.8
2023-09-08,Cardiovascular,Losartan,2191.02
2023-09-08,Antibiotics,Amoxicillin,1000.81
2023-09-08,Analgesics,Ibuprofen,2217.71
2023-09-09,Cardiovascular,Losartan,502.98
2023-09-09,Antibiotics,Ciprofloxacin,1696.21
2023-09-09,Analgesics,Aspirin,1431.02
2023-09-10,Cardiovascular,Losartan,2364.29
2023-09-10,Antibiotics,Ciprofloxacin,1471.21
2023-09-10,Analgesics,Ibuprofen,1902.09
2023-09-11,Cardiovascular,Atorvastatin,2247.03
2023-09-11,Antibiotics,Ciprofloxacin,2094.24
2023-09-11,Analgesics,Paracetamol,1214.74
2023-09-12,Cardiovascular,Losartan,1357.74
2023-09-12,Antibiotics,Azithromycin,1763.56
2023-09-12,Analgesics,Ibuprofen,2054.16
2023-09-13,Cardiovascular,Amlodipine,1436.86
2023-09-13,Antibiotics,Amoxicillin,646.42
2023-09-13,Analgesics,Aspirin,1198.11
2023-09-14,Cardiovascular,Losartan,1961.7
2023-09-14,Antibiotics,Azithromycin,1015.84
2023-09-14,Analgesics,Paracetamol,2222.28
2023-09-15,Cardiovascular,Atorvastatin,2472.19
2023-09-15,Antibiotics,Ciprofloxacin,1637.19
2023-09-15,Analgesics,Paracetamol,701.44
2023-09-16,Cardiovascular,Atorvastatin,1771.78
2023-09-16,Antibiotics,Ciprofloxacin,1719.31
2023-09-16,Analgesics,Paracetamol,1245.78
2023-09-17,Cardiovascular,Amlodipine,916.71
2023-09-17,Antibiotics,Azithromycin,712.05
2023-09-17,Analgesics,Paracetamol,624.32
2023-09-18,Cardiovascular,Losartan,639.63
2023-09-18,Antibiotics,Amoxicillin,1542.23
2023-09-18,Analgesics,Aspirin,2295.55
2023-09-19,Cardiovascular,Atorvastatin,639.62
2023-09-19,Antibiotics,Amoxicillin,694.56
2023-09-19,Analgesics,Paracetamol,1710.65
2023-09-20,Cardiovascular,Atorvastatin,1524.83
2023-09-20,Antibiotics,Amoxicillin,1405.45
2023-09-20,Analgesics,Aspirin,1463.17
2023-09-21,Cardiovascular,Atorvastatin,2331.83
2023-09-21,Antibiotics,Ciprofloxacin,2416.0
2023-09-21,Analgesics,Aspirin,1023.19
2023-09-22,Cardiovascular,Atorvastatin,733.37
2023-09-22,Antibiotics,Amoxicillin,2090.06
2023-09-22,Analgesics,Ibuprofen,2321.57
2023-09-23,Cardiovascular,Amlodipine,1249.91
2023-09-23,Antibiotics,Ciprofloxacin,1721.61
2023-09-23,Analgesics,Paracetamol,2184.11
2023-09-24,Cardiovascular,Losartan,1183.28
2023-09-24,Antibiotics,Azithromycin,719.67
2023-09-24,Analgesics,Aspirin,2373.53
2023-09-25,Cardiovascular,Losartan,1997.99
2023-09-25,Antibiotics,Ciprofloxacin,2471.1
2023-09-25,Analgesics,Paracetamol,1526.09
2023-09-26,Cardiovascular,Atorvastatin,2166.49
2023-09-26,Antibiotics,Amoxicillin,1745.75
2023-09-26,Analgesics,Ibuprofen,1104.64
2023-09-27,Cardiovascular,Amlodipine,1226.13
2023-09-27,Antibiotics,Amoxicillin,1313.48
2023-09-27,Analgesics,Paracetamol,1066.21
2023-09-28,Cardiovascular,Atorvastatin,944.29
2023-09-28,Antibiotics,Azithromycin,2337.59
2023-09-28,Analgesics,Paracetamol,1339.38
2023-09-29,Cardiovascular,Amlodipine,1917.04
2023-09-29,Antibiotics,Ciprofloxacin,747.11
2023-09-29,Analgesics,Aspirin,1721.53
2023-09-30,Cardiovascular,Atorvastatin,1109.07
2023-09-30,Antibiotics,Amoxicillin,771.89
2023-09-30,Analgesics,Aspirin,2117.14
2023-10-01,Cardiovascular,Amlodipine,1727.54
2023-10-01,Antibiotics,Azithromycin,747.54
2023-10-01,Analgesics,Aspirin,1124.69
2023-10-02,Cardiovascular,Amlodipine,822.01
2023-10-02,Antibiotics,Ciprofloxacin,1708.86
2023-10-02,Analgesics,Ibuprofen,1821.02
2023-10-03,Cardiovascular,Amlodipine,2461.8
2023-10-03,Antibiotics,Amoxicillin,1829.91
2023-10-03,Analgesics,Ibuprofen,1210.34
2023-10-04,Cardiovascular,Losartan,1063.82
2023-10-04,Antibiotics,Amoxicillin,1232.9
2023-10-04,Analgesics,Paracetamol,1150.97
2023-10-05,Cardiovascular,Atorvastatin,1227.7
2023-10-05,Antibiotics,Amoxicillin,582.93
2023-10-05,Analgesics,Aspirin,1523.04
2023-10-06,Cardiovascular,Amlodipine,884.94
2023-10-06,Antibiotics,Ciprofloxacin,1560.86
2023-10-06,Analgesics,Aspirin,1028.82
2023-10-07,Cardiovascular,Amlodipine,753.9
2023-10-07,Antibiotics,Amoxicillin,1828.1
2023-10-07,Analgesics,Ibuprofen,1758.08
2023-10-08,Cardiovascular,Losartan,1994.38
2023-10-08,Antibiotics,Ciprofloxacin,709.39
2023-10-08,Analgesics,Ibuprofen,2378.27
2023-10-09,Cardiovascular,Amlodipine,568.97
2023-10-09,Antibiotics,Amoxicillin,1247.89
2023-10-09,Analgesics,Ibuprofen,2338.62
2023-10-10,Cardiovascular,Atorvastatin,1565.57
2023-10-10,Antibiotics,Amoxicillin,724.16
2023-10-10,Analgesics,Paracetamol,2411.91
2023-10-11,Cardiovascular,Atorvastatin,1056.05
2023-10-11,Antibiotics,Amoxicillin,1789.17
2023-10-11,Analgesics,Ibuprofen,677.89
2023-10-12,Cardiovascular,Losartan,889.38
2023-10-12,Antibiotics,Amoxicillin,1006.63
2023-10-12,Analgesics,Ibuprofen,1584.03
2023-10-13,Cardiovascular,Losartan,1251.91
2023-10-13,Antibiotics,Amoxicillin,520.46
2023-10-13,Analgesics,Paracetamol,1450.79
2023-10-14,Cardiovascular,Losartan,905.43
2023-10-14,Antibiotics,Ciprofloxacin,1785.57
2023-10-14,Analgesics,Paracetamol,1082.75
2023-10-15,Cardiovascular,Losartan,1835.95
2023-10-15,Antibiotics,Amoxicillin,1879.51
2023-10-15,Analgesics,Aspirin,1070.9
2023-10-16,Cardiovascular,Atorvastatin,2310.39
2023-10-16,Antibiotics,Azithromycin,2304.1
2023-10-16,Analgesics,Ibuprofen,1666.85
2023-10-17,Cardiovascular,Amlodipine,1142.92
2023-10-17,Antibiotics,Ciprofloxacin,1867.76
2023-10-17,Analgesics,Paracetamol,1123.84
2023-10-18,Cardiovascular,Atorvastatin,2299.44
2023-10-18,Antibiotics,Ciprofloxacin,1872.73
2023-10-18,Analgesics,Aspirin,586.75
2023-10-19,Cardiovascular,Atorvastatin,2080.45
2023-10-19,Antibiotics,Azithromycin,1361.84
2023-10-19,Analgesics,Ibuprofen,1647.57
2023-10-20,Cardiovascular,Losartan,924.53
2023-10-20,Antibiotics,Ciprofloxacin,1990.04
2023-10-20,Analgesics,Ibuprofen,1878.68
2023-10-21,Cardiovascular,Amlodipine,2119.9
2023-10-21,Antibiotics,Ciprofloxacin,2268.3
2023-10-21,Analgesics,Aspirin,961.17
2023-10-22,Cardiovascular,Amlodipine,2462.87
2023-10-22,Antibiotics,Amoxicillin,2356.93
2023-10-22,Analgesics,Aspirin,881.01
2023-10-23,Cardiovascular,Losartan,884.41
2023-10-23,Antibiotics,Azithromycin,2278.59
2023-10-23,Analgesics,Paracetamol,2227.05
2023-10-24,Cardiovascular,Amlodipine,1607.92
2023-10-24,Antibiotics,Azithromycin,1824.0
2023-10-24,Analgesics,Aspirin,624.18
2023-10-25,Cardiovascular,Atorvastatin,629.16
2023-10-25,Antibiotics,Ciprofloxacin,2260.94
2023-10-25,Analgesics,Aspirin,2188.69
2023-10-26,Cardiovascular,Atorvastatin,1012.98
2023-10-26,Antibiotics,Azithromycin,728.28
2023-10-26,Analgesics,Aspirin,1904.36
2023-10-27,Cardiovascular,Amlodipine,1755.49
2023-10-27,Antibiotics,Amoxicillin,1708.44
2023-10-27,Analgesics,Aspirin,1019.12
2023-10-28,Cardiovascular,Amlodipine,2341.07
2023-10-28,Antibiotics,Azithromycin,1431.34
2023-10-28,Analgesics,Paracetamol,1635.16
2023-10-29,Cardiovascular,Atorvastatin,1847.27
2023-10-29,Antibiotics,Ciprofloxacin,2167.82
2023-10-29,Analgesics,Ibuprofen,866.22
2023-10-30,Cardiovascular,Losartan,1391.25
2023-10-30,Antibiotics,Ciprofloxacin,1896.77
2023-10-30,Analgesics,Paracetamol,862.1
2023-10-31,Cardiovascular,Losartan,1858.56
2023-10-31,Antibiotics,Ciprofloxacin,1434.9
2023-10-31,Analgesics,Ibuprofen,1780.39
2023-11-01,Cardiovascular,Amlodipine,2083.16
2023-11-01,Antibiotics,Ciprofloxacin,1340.44
2023-11-01,Analgesics,Ibuprofen,2282.29
2023-11-02,Cardiovascular,Amlodipine,975.88
2023-11-02,Antibiotics,Ciprofloxacin,1327.67
2023-11-02,Analgesics,Paracetamol,541.68
2023-11-03,Cardiovascular,Atorvastatin,2343.01
2023-11-03,Antibiotics,Azithromycin,1856.82
2023-11-03,Analgesics,Aspirin,1883.56
2023-11-04,Cardiovascular,Atorvastatin,964.7
2023-11-04,Antibiotics,Amoxicillin,1372.47
2023-11-04,Analgesics,Aspirin,2045.34
2023-11-05,Cardiovascular,Losartan,837.83
2023-11-05,Antibiotics,Amoxicillin,2245.44
2023-11-05,Analgesics,Ibuprofen,1136.87
2023-11-06,Cardiovascular,Amlodipine,1081.61
2023-11-06,Antibiotics,Amoxicillin,1356.59
2023-11-06,Analgesics,Aspirin,1931.56
2023-11-07,Cardiovascular,Amlodipine,915.6
2023-11-07,Antibiotics,Azithromycin,1721.29
2023-11-07,Analgesics,Ibuprofen,736.32
2023-11-08,Cardiovascular,Losartan,774.62
2023-11-08,Antibiotics,Amoxicillin,640.99
2023-11-08,Analgesics,Paracetamol,1110.94
2023-11-09,Cardiovascular,Losartan,1792.99
2023-11-09,Antibiotics,Azithromycin,1493.79
2023-11-09,Analgesics,Aspirin,518.61
2023-11-10,Cardiovascular,Losartan,739.15
2023-11-10,Antibiotics,Azithromycin,817.15
2023-11-10,Analgesics,Paracetamol,543.64
2023-11-11,Cardiovascular,Losartan,1396.29
2023-11-11,Antibiotics,Azithromycin,977.23
2023-11-11,Analgesics,Paracetamol,1311.11
2023-11-12,Cardiovascular,Losartan,2153.76
2023-11-12,Antibiotics,Azithromycin,2163.61
2023-11-12,Analgesics,Aspirin,2158.37
2023-11-13,Cardiovascular,Atorvastatin,2027.02
2023-11-13,Antibiotics,Ciprofloxacin,1129.69
2023-11-13,Analgesics,Aspirin,2413.9
2023-11-14,Cardiovascular,Losartan,502.29
2023-11-14,Antibiotics,Amoxicillin,2296.65
2023-11-14,Analgesics,Aspirin,1306.88
2023-11-15,Cardiovascular,Losartan,1190.4
2023-11-15,Antibiotics,Azithromycin,2087.7
2023-11-15,Analgesics,Ibuprofen,1691.45
2023-11-16,Cardiovascular,Atorvastatin,1188.04
2023-11-16,Antibiotics,Ciprofloxacin,1061.87
2023-11-16,Analgesics,Aspirin,1541.38
2023-11-17,Cardiovascular,Losartan,600.78
2023-11-17,Antibiotics,Azithromycin,1896.52
2023-11-17,Analgesics,Aspirin,934.57
2023-11-18,Cardiovascular,Losartan,1807.63
2023-11-18,Antibiotics,Ciprofloxacin,2087.66
2023-11-18,Analgesics,Aspirin,960.09
2023-11-19,Cardiovascular,Amlodipine,1783.48
2023-11-19,Antibiotics,Azithromycin,1726.42
2023-11-19,Analgesics,Ibuprofen,2054.66
2023-11-20,Cardiovascular,Atorvastatin,715.76
2023-11-20,Antibiotics,Amoxicillin,1922.19
2023-11-20,Analgesics,Paracetamol,1310.75
2023-11-21,Cardiovascular,Losartan,2269.0
2023-11-21,Antibiotics,Azithromycin,923.57
2023-11-21,Analgesics,Paracetamol,2199.94
2023-11-22,Cardiovascular,Atorvastatin,1125.2
2023-11-22,Antibiotics,Amoxicillin,1671.43
2023-11-22,Analgesics,Paracetamol,2264.15
2023-11-23,Cardiovascular,Amlodipine,1353.32
2023-11-23,Antibiotics,Azithromycin,2047.62
2023-11-23,Analgesics,Paracetamol,2258.23
2023-11-24,Cardiovascular,Atorvastatin,1068.4
2023-11-24,Antibiotics,Azithromycin,1722.64
2023-11-24,Analgesics,Paracetamol,2341.57
2023-11-25,Cardiovascular,Atorvastatin,2422.81
2023-11-25,Antibiotics,Amoxicillin,1412.61
2023-11-25,Analgesics,Paracetamol,2440.51
2023-11-26,Cardiovascular,Amlodipine,2134.19
2023-11-26,Antibiotics,Ciprofloxacin,2042.71
2023-11-26,Analgesics,Aspirin,2103.01
2023-11-27,Cardiovascular,Amlodipine,1762.62
2023-11-27,Antibiotics,Azithromycin,1327.56
2023-11-27,Analgesics,Aspirin,1932.11
2023-11-28,Cardiovascular,Losartan,1150.33
2023-11-28,Antibiotics,Ciprofloxacin,1170.7
2023-11-28,Analgesics,Ibuprofen,1731.52
2023-11-29,Cardiovascular,Atorvastatin,1192.81
2023-11-29,Antibiotics,Azithromycin,2378.24
2023-11-29,Analgesics,Aspirin,1082.92
2023-11-30,Cardiovascular,Losartan,1778.77
2023-11-30,Antibiotics,Amoxicillin,1182.65
2023-11-30,Analgesics,Paracetamol,1488.21
2023-12-01,Cardiovascular,Atorvastatin,1985.82
2023-12-01,Antibiotics,Ciprofloxacin,733.0
2023-12-01,Analgesics,Aspirin,1534.45
2023-12-02,Cardiovascular,Atorvastatin,1670.34
2023-12-02,Antibiotics,Azithromycin,1461.93
2023-12-02,Analgesics,Aspirin,1103.72
2023-12-03,Cardiovascular,Amlodipine,1274.57
2023-12-03,Antibiotics,Azithromycin,2045.13
2023-12-03,Analgesics,Paracetamol,1375.91
2023-12-04,Cardiovascular,Atorvastatin,955.64
2023-12-04,Antibiotics,Ciprofloxacin,1199.06
2023-12-04,Analgesics,Ibuprofen,2340.91
2023-12-05,Cardiovascular,Losartan,1296.12
2023-12-05,Antibiotics,Ciprofloxacin,806.87
2023-12-05,Analgesics,Ibuprofen,1775.9
2023-12-06,Cardiovascular,Amlodipine,2483.7
2023-12-06,Antibiotics,Amoxicillin,972.55
2023-12-06,Analgesics,Paracetamol,2039.97
2023-12-07,Cardiovascular,Amlodipine,919.03
2023-12-07,Antibiotics,Amoxicillin,1726.31
2023-12-07,Analgesics,Aspirin,1975.72
2023-12-08,Cardiovascular,Losartan,2403.5
2023-12-08,Antibiotics,Amoxicillin,2141.09
2023-12-08,Analgesics,Ibuprofen,1791.74
2023-12-09,Cardiovascular,Atorvastatin,1376.52
2023-12-09,Antibiotics,Azithromycin,771.85
2023-12-09,Analgesics,Paracetamol,1459.25
2023-12-10,Cardiovascular,Atorvastatin,1264.96
2023-12-10,Antibiotics,Azithromycin,1255.49
2023-12-10,Analgesics,Paracetamol,2306.29
2023-12-11,Cardiovascular,Amlodipine,1020.78
2023-12-11,Antibiotics,Azithromycin,694.93
2023-12-11,Analgesics,Aspirin,2117.91
2023-12-12,Cardiovascular,Amlodipine,2214.82
2023-12-12,Antibiotics,Azithromycin,1385.18
2023-12-12,Analgesics,Ibuprofen,841.44
2023-12-13,Cardiovascular,Atorvastatin,739.42
2023-12-13,Antibiotics,Ciprofloxacin,2110.51
2023-12-13,Analgesics,Ibuprofen,1561.96
2023-12-14,Cardiovascular,Losartan,2390.03
2023-12-14,Antibiotics,Ciprofloxacin,1021.54
2023-12-14,Analgesics,Ibuprofen,2124.06
2023-12-15,Cardiovascular,Atorvastatin,2452.35
2023-12-15,Antibiotics,Azithromycin,1801.11
2023-12-15,Analgesics,Paracetamol,975.59
2023-12-16,Cardiovascular,Losartan,2360.29
2023-12-16,Antibiotics,Amoxicillin,1015.85
2023-12-16,Analgesics,Aspirin,1489.39
2023-12-17,Cardiovascular,Atorvastatin,1773.24
2023-12-17,Antibiotics,Ciprofloxacin,1030.74
2023-12-17,Analgesics,Paracetamol,1247.32
2023-12-18,Cardiovascular,Amlodipine,1984.01
2023-12-18,Antibiotics,Amoxicillin,583.94
2023-12-18,Analgesics,Paracetamol,1656.19
2023-12-19,Cardiovascular,Amlodipine,1108.64
2023-12-19,Antibiotics,Amoxicillin,878.88
2023-12-19,Analgesics,Ibuprofen,669.27
2023-12-20,Cardiovascular,Losartan,551.96
2023-12-20,Antibiotics,Ciprofloxacin,2392.27
2023-12-20,Analgesics,Ibuprofen,1370.38
2023-12-21,Cardiovascular,Atorvastatin,1579.7
2023-12-21,Antibiotics,Amoxicillin,1171.63
2023-12-21,Analgesics,Ibuprofen,2168.78
2023-12-22,Cardiovascular,Amlodipine,931.36
2023-12-22,Antibiotics,Amoxicillin,540.61
2023-12-22,Analgesics,Ibuprofen,1964.06
2023-12-23,Cardiovascular,Amlodipine,2103.16
2023-12-23,Antibiotics,Amoxicillin,1960.19
2023-12-23,Analgesics,Paracetamol,863.93
2023-12-24,Cardiovascular,Atorvastatin,1885.34
2023-12-24,Antibiotics,Amoxicillin,2370.16
2023-12-24,Analgesics,Ibuprofen,1307.95
2023-12-25,Cardiovascular,Amlodipine,2244.04
2023-12-25,Antibiotics,Amoxicillin,1561.87
2023-12-25,Analgesics,Aspirin,971.12
2023-12-26,Cardiovascular,Losartan,890.0
2023-12-26,Antibiotics,Ciprofloxacin,1426.24
2023-12-26,Analgesics,Aspirin,1705.26
2023-12-27,Cardiovascular,Amlodipine,1416.07
2023-12-27,Antibiotics,Amoxicillin,969.89
2023-12-27,Analgesics,Aspirin,1076.83
2023-12-28,Cardiovascular,Amlodipine,1989.91
2023-12-28,Antibiotics,Ciprofloxacin,1131.26
2023-12-28,Analgesics,Ibuprofen,1348.55
2023-12-29,Cardiovascular,Atorvastatin,1420.36
2023-12-29,Antibiotics,Ciprofloxacin,1809.08
2023-12-29,Analgesics,Paracetamol,2224.89
2023-12-30,Cardiovascular,Amlodipine,1259.28
2023-12-30,Antibiotics,Azithromycin,2234.14
2023-12-30,Analgesics,Aspirin,1499.71
2023-12-31,Cardiovascular,Amlodipine,786.31
2023-12-31,Antibiotics,Ciprofloxacin,727.92
2023-12-31,Analgesics,Ibuprofen,518.1
2024-01-01,Cardiovascular,Atorvastatin,2218.08
2024-01-01,Antibiotics,Ciprofloxacin,1795.2
2024-01-01,Analgesics,Aspirin,1275.0
2024-01-02,Cardiovascular,Losartan,1450.29
2024-01-02,Antibiotics,Azithromycin,1044.58
2024-01-02,Analgesics,Paracetamol,2302.96
2024-01-03,Cardiovascular,Amlodipine,937.84
2024-01-03,Antibiotics,Ciprofloxacin,994.4
2024-01-03,Analgesics,Ibuprofen,541.59
2024-01-04,Cardiovascular,Atorvastatin,2244.39
2024-01-04,Antibiotics,Amoxicillin,925.61
2024-01-04,Analgesics,Aspirin,1085.45
2024-01-05,Cardiovascular,Amlodipine,2031.7
2024-01-05,Antibiotics,Ciprofloxacin,1448.89
2024-01-05,Analgesics,Aspirin,1752.8
2024-01-06,Cardiovascular,Atorvastatin,888.67
2024-01-06,Antibiotics,Azithromycin,604.66
2024-01-06,Analgesics,Paracetamol,910.04
2024-01-07,Cardiovascular,Atorvastatin,916.7
2024-01-07,Antibiotics,Azithromycin,2366.25
2024-01-07,Analgesics,Paracetamol,873.82
2024-01-08,Cardiovascular,Losartan,1525.88
2024-01-08,Antibiotics,Amoxicillin,2031.46
2024-01-08,Analgesics,Aspirin,1945.46
2024-01-09,Cardiovascular,Amlodipine,1621.29
2024-01-09,Antibiotics,Ciprofloxacin,1102.22
2024-01-09,Analgesics,Aspirin,2146.83
2024-01-10,Cardiovascular,Atorvastatin,2360.8
2024-01-10,Antibiotics,Azithromycin,1033.91
2024-01-10,Analgesics,Aspirin,862.76
2024-01-11,Cardiovascular,Losartan,1493.5
2024-01-11,Antibiotics,Azithromycin,1742.54
2024-01-11,Analgesics,Aspirin,1833.4
2024-01-12,Cardiovascular,Amlodipine,2451.08
2024-01-12,Antibiotics,Ciprofloxacin,579.86
2024-01-12,Analgesics,Aspirin,1232.79
2024-01-13,Cardiovascular,Atorvastatin,2122.29
2024-01-13,Antibiotics,Ciprofloxacin,2326.35
2024-01-13,Analgesics,Aspirin,2452.14
2024-01-14,Cardiovascular,Amlodipine,1588.64
2024-01-14,Antibiotics,Azithromycin,2081.38
2024-01-14,Analgesics,Paracetamol,817.86
2024-01-15,Cardiovascular,Atorvastatin,996.63
2024-01-15,Antibiotics,Ciprofloxacin,1531.13
2024-01-15,Analgesics,Ibuprofen,612.38
2024-01-16,Cardiovascular,Amlodipine,1222.56
2024-01-16,Antibiotics,Azithromycin,1587.97
2024-01-16,Analgesics,Aspirin,628.36
2024-01-17,Cardiovascular,Losartan,735.11
2024-01-17,Antibiotics,Ciprofloxacin,1412.66
2024-01-17,Analgesics,Paracetamol,2171.72
2024-01-18,Cardiovascular,Amlodipine,1339.26
2024-01-18,Antibiotics,Ciprofloxacin,1401.99
2024-01-18,Analgesics,Paracetamol,604.76
2024-01-19,Cardiovascular,Amlodipine,915.34
2024-01-19,Antibiotics,Amoxicillin,2371.82
2024-01-19,Analgesics,Ibuprofen,865.54
2024-01-20,Cardiovascular,Atorvastatin,2449.95
2024-01-20,Antibiotics,Amoxicillin,2018.19
2024-01-20,Analgesics,Paracetamol,1810.05
2024-01-21,Cardiovascular,Losartan,1117.68
2024-01-21,Antibiotics,Azithromycin,2272.55
2024-01-21,Analgesics,Aspirin,1150.88
2024-01-22,Cardiovascular,Atorvastatin,1442.1
2024-01-22,Antibiotics,Amoxicillin,2260.37
2024-01-22,Analgesics,Paracetamol,1581.94
2024-01-23,Cardiovascular,Amlodipine,1058.64
2024-01-23,Antibiotics,Ciprofloxacin,504.51
2024-01-23,Analgesics,Aspirin,2080.05
2024-01-24,Cardiovascular,Amlodipine,623.77
2024-01-24,Antibiotics,Ciprofloxacin,763.01
2024-01-24,Analgesics,Paracetamol,621.33
2024-01-25,Cardiovascular,Losartan,1471.67
2024-01-25,Antibiotics,Ciprofloxacin,1639.88
2024-01-25,Analgesics,Paracetamol,1515.39
2024-01-26,Cardiovascular,Atorvastatin,707.97
2024-01-26,Antibiotics,Ciprofloxacin,1092.63
2024-01-26,Analgesics,Paracetamol,1417.3
2024-01-27,Cardiovascular,Losartan,1005.38
2024-01-27,Antibiotics,Amoxicillin,1714.58
2024-01-27,Analgesics,Paracetamol,533.9
2024-01-28,Cardiovascular,Atorvastatin,2407.36
2024-01-28,Antibiotics,Azithromycin,2312.59
2024-01-28,Analgesics,Paracetamol,1625.11
2024-01-29,Cardiovascular,Atorvastatin,1944.38
2024-01-29,Antibiotics,Azithromycin,2072.58
2024-01-29,Analgesics,Ibuprofen,2111.39
2024-01-30,Cardiovascular,Atorvastatin,1405.11
2024-01-30,Antibiotics,Azithromycin,2050.27
2024-01-30,Analgesics,Ibuprofen,1982.61
2024-01-31,Cardiovascular,Losartan,2420.76
2024-01-31,Antibiotics,Azithromycin,928.67
2024-01-31,Analgesics,Aspirin,1156.72
2024-02-01,Cardiovascular,Atorvastatin,2483.17
2024-02-01,Antibiotics,Ciprofloxacin,1751.74
2024-02-01,Analgesics,Ibuprofen,1609.99
2024-02-02,Cardiovascular,Atorvastatin,894.24
2024-02-02,Antibiotics,Azithromycin,2013.48
2024-02-02,Analgesics,Aspirin,891.86
2024-02-03,Cardiovascular,Losartan,2309.41
2024-02-03,Antibiotics,Amoxicillin,1833.06
2024-02-03,Analgesics,Aspirin,2027.74
2024-02-04,Cardiovascular,Amlodipine,597.25
2024-02-04,Antibiotics,Ciprofloxacin,1235.15
2024-02-04,Analgesics,Paracetamol,710.94
2024-02-05,Cardiovascular,Amlodipine,1406.84
2024-02-05,Antibiotics,Ciprofloxacin,576.36
2024-02-05,Analgesics,Paracetamol,515.26
2024-02-06,Cardiovascular,Amlodipine,2233.99
2024-02-06,Antibiotics,Amoxicillin,2273.08
2024-02-06,Analgesics,Aspirin,1854.0
2024-02-07,Cardiovascular,Losartan,944.65
2024-02-07,Antibiotics,Ciprofloxacin,1237.11
2024-02-07,Analgesics,Aspirin,1807.67
2024-02-08,Cardiovascular,Atorvastatin,502.6
2024-02-08,Antibiotics,Ciprofloxacin,1856.07
2024-02-08,Analgesics,Paracetamol,2349.51
2024-02-09,Cardiovascular,Amlodipine,613.93
2024-02-09,Antibiotics,Ciprofloxacin,840.67
2024-02-09,Analgesics,Paracetamol,692.56
2024-02-10,Cardiovascular,Amlodipine,2122.37
2024-02-10,Antibiotics,Ciprofloxacin,1644.92
2024-02-10,Analgesics,Paracetamol,775.81
2024-02-11,Cardiovascular,Amlodipine,2048.56
2024-02-11,Antibiotics,Ciprofloxacin,757.84
2024-02-11,Analgesics,Ibuprofen,576.99
2024-02-12,Cardiovascular,Amlodipine,2382.36
2024-02-12,Antibiotics,Ciprofloxacin,2150.12
2024-02-12,Analgesics,Ibuprofen,1442.84
2024-02-13,Cardiovascular,Amlodipine,2030.67
2024-02-13,Antibiotics,Azithromycin,1546.36
2024-02-13,Analgesics,Paracetamol,1436.8
2024-02-14,Cardiovascular,Amlodipine,2453.1
2024-02-14,Antibiotics,Amoxicillin,1688.49
2024-02-14,Analgesics,Paracetamol,1684.71
2024-02-15,Cardiovascular,Amlodipine,2184.15
2024-02-15,Antibiotics,Azithromycin,2276.32
2024-02-15,Analgesics,Aspirin,1848.96
2024-02-16,Cardiovascular,Atorvastatin,1376.39
2024-02-16,Antibiotics,Amoxicillin,1899.51
2024-02-16,Analgesics,Ibuprofen,1431.38
2024-02-17,Cardiovascular,Amlodipine,1000.42
2024-02-17,Antibiotics,Ciprofloxacin,1166.39
2024-02-17,Analgesics,Ibuprofen,1938.62
2024-02-18,Cardiovascular,Atorvastatin,1694.42
2024-02-18,Antibiotics,Azithromycin,2255.19
2024-02-18,Analgesics,Aspirin,1634.42
2024-02-19,Cardiovascular,Losartan,1288.13
2024-02-19,Antibiotics,Ciprofloxacin,1814.07
2024-02-19,Analgesics,Ibuprofen,1198.85
2024-02-20,Cardiovascular,Losartan,690.76
2024-02-20,Antibiotics,Amoxicillin,2332.45
2024-02-20,Analgesics,Ibuprofen,2223.84
2024-02-21,Cardiovascular,Losartan,1220.27
2024-02-21,Antibiotics,Amoxicillin,568.27
2024-02-21,Analgesics,Aspirin,1916.94
2024-02-22,Cardiovascular,Amlodipine,1399.36
2024-02-22,Antibiotics,Amoxicillin,1049.55
2024-02-22,Analgesics,Aspirin,1346.35
2024-02-23,Cardiovascular,Losartan,2105.05
2024-02-23,Antibiotics,Azithromycin,1552.33
2024-02-23,Analgesics,Paracetamol,2214.92
2024-02-24,Cardiovascular,Losartan,943.52
2024-02-24,Antibiotics,Azithromycin,1637.01
2024-02-24,Analgesics,Ibuprofen,623.92
2024-02-25,Cardiovascular,Atorvastatin,2369.11
2024-02-25,Antibiotics,Amoxicillin,1879.86
2024-02-25,Analgesics,Paracetamol,1889.31
2024-02-26,Cardiovascular,Losartan,1679.0
2024-02-26,Antibiotics,Amoxicillin,1796.33
2024-02-26,Analgesics,Ibuprofen,542.8
2024-02-27,Cardiovascular,Atorvastatin,1994.87
2024-02-27,Antibiotics,Azithromycin,1365.07
2024-02-27,Analgesics,Paracetamol,520.7
2024-02-28,Cardiovascular,Losartan,1317.99
2024-02-28,Antibiotics,Amoxicillin,1700.65
2024-02-28,Analgesics,Aspirin,1259.48
2024-02-29,Cardiovascular,Atorvastatin,2371.81
2024-02-29,Antibiotics,Azithromycin,2490.24
2024-02-29,Analgesics,Paracetamol,769.09
2024-03-01,Cardiovascular,Losartan,710.43
2024-03-01,Antibiotics,Amoxicillin,1732.27
2024-03-01,Analgesics,Aspirin,1352.91
2024-03-02,Cardiovascular,Losartan,2190.98
2024-03-02,Antibiotics,Azithromycin,1911.89
2024-03-02,Analgesics,Paracetamol,839.46
2024-03-03,Cardiovascular,Atorvastatin,553.0
2024-03-03,Antibiotics,Ciprofloxacin,2479.51
2024-03-03,Analgesics,Aspirin,1536.27
2024-03-04,Cardiovascular,Losartan,2295.77
2024-03-04,Antibiotics,Amoxicillin,1857.84
2024-03-04,Analgesics,Paracetamol,1318.7
2024-03-05,Cardiovascular,Atorvastatin,2165.84
2024-03-05,Antibiotics,Ciprofloxacin,1093.8
2024-03-05,Analgesics,Aspirin,1446.42
2024-03-06,Cardiovascular,Atorvastatin,1710.5
2024-03-06,Antibiotics,Azithromycin,1647.02
2024-03-06,Analgesics,Paracetamol,710.69
2024-03-07,Cardiovascular,Amlodipine,2136.44
2024-03-07,Antibiotics,Amoxicillin,2031.44
2024-03-07,Analgesics,Aspirin,2173.37
2024-03-08,Cardiovascular,Atorvastatin,1648.43
2024-03-08,Antibiotics,Amoxicillin,1866.61
2024-03-08,Analgesics,Ibuprofen,969.61
2024-03-09,Cardiovascular,Losartan,2126.26
2024-03-09,Antibiotics,Azithromycin,1215.95
2024-03-09,Analgesics,Aspirin,1541.82
2024-03-10,Cardiovascular,Amlodipine,2139.67
2024-03-10,Antibiotics,Azithromycin,701.42
2024-03-10,Analgesics,Paracetamol,1694.36
2024-03-11,Cardiovascular,Losartan,1676.11
2024-03-11,Antibiotics,Amoxicillin,1889.91
2024-03-11,Analgesics,Paracetamol,1877.12
2024-03-12,Cardiovascular,Losartan,1902.81
2024-03-12,Antibiotics,Ciprofloxacin,1656.64
2024-03-12,Analgesics,Paracetamol,2303.71
2024-03-13,Cardiovascular,Atorvastatin,2492.43
2024-03-13,Antibiotics,Amoxicillin,967.5
2024-03-13,Analgesics,Ibuprofen,2039.35
2024-03-14,Cardiovascular,Amlodipine,1134.62
2024-03-14,Antibiotics,Amoxicillin,1196.76
2024-03-14,Analgesics,Paracetamol,1333.96
2024-03-15,Cardiovascular,Amlodipine,717.02
2024-03-15,Antibiotics,Ciprofloxacin,1106.34
2024-03-15,Analgesics,Aspirin,800.5
2024-03-16,Cardiovascular,Losartan,1222.68
2024-03-16,Antibiotics,Amoxicillin,2042.33
2024-03-16,Analgesics,Aspirin,1148.56
2024-03-17,Cardiovascular,Atorvastatin,1393.69
2024-03-17,Antibiotics,Azithromycin,1312.72
2024-03-17,Analgesics,Ibuprofen,2413.84
2024-03-18,Cardiovascular,Amlodipine,2400.24
2024-03-18,Antibiotics,Amoxicillin,2073.8
2024-03-18,Analgesics,Ibuprofen,1017.92
2024-03-19,Cardiovascular,Atorvastatin,1161.83
2024-03-19,Antibiotics,Amoxicillin,869.91
2024-03-19,Analgesics,Aspirin,987.39
2024-03-20,Cardiovascular,Losartan,1403.57
2024-03-20,Antibiotics,Ciprofloxacin,848.8
2024-03-20,Analgesics,Ibuprofen,888.27
2024-03-21,Cardiovascular,Losartan,1968.49
2024-03-21,Antibiotics,Azithromycin,784.96
2024-03-21,Analgesics,Aspirin,1714.12
2024-03-22,Cardiovascular,Losartan,1334.99
2024-03-22,Antibiotics,Azithromycin,2117.81
2024-03-22,Analgesics,Aspirin,809.37
2024-03-23,Cardiovascular,Amlodipine,1803.52
2024-03-23,Antibiotics,Amoxicillin,777.0
2024-03-23,Analgesics,Ibuprofen,2148.49
2024-03-24,Cardiovascular,Atorvastatin,1680.23
2024-03-24,Antibiotics,Amoxicillin,1276.24
2024-03-24,Analgesics,Aspirin,953.12
2024-03-25,Cardiovascular,Amlodipine,1694.25
2024-03-25,Antibiotics,Azithromycin,1878.56
2024-03-25,Analgesics,Paracetamol,2007.1
2024-03-26,Cardiovascular,Losartan,846.3
2024-03-26,Antibiotics,Azithromycin,2306.2
2024-03-26,Analgesics,Paracetamol,732.96
2024-03-27,Cardiovascular,Losartan,950.41
2024-03-27,Antibiotics,Amoxicillin,652.35
2024-03-27,Analgesics,Paracetamol,1685.91
2024-03-28,Cardiovascular,Atorvastatin,1033.63
2024-03-28,Antibiotics,Ciprofloxacin,572.34
2024-03-28,Analgesics,Ibuprofen,2313.13
2024-03-29,Cardiovascular,Losartan,1850.58
2024-03-29,Antibiotics,Ciprofloxacin,873.15
2024-03-29,Analgesics,Aspirin,1894.06
2024-03-30,Cardiovascular,Atorvastatin,2146.2
2024-03-30,Antibiotics,Amoxicillin,1679.92
2024-03-30,Analgesics,Ibuprofen,750.71
2024-03-31,Cardiovascular,Atorvastatin,755.66
2024-03-31,Antibiotics,Amoxicillin,817.23
2024-03-31,Analgesics,Aspirin,715.66
2024-04-01,Cardiovascular,Atorvastatin,1664.1
2024-04-01,Antibiotics,Ciprofloxacin,544.64
2024-04-01,Analgesics,Ibuprofen,2325.09
2024-04-02,Cardiovascular,Losartan,1900.59
2024-04-02,Antibiotics,Amoxicillin,1560.84
2024-04-02,Analgesics,Ibuprofen,2451.25
2024-04-03,Cardiovascular,Losartan,2111.82
2024-04-03,Antibiotics,Azithromycin,1434.57
2024-04-03,Analgesics,Paracetamol,1901.2
2024-04-04,Cardiovascular,Amlodipine,791.19
2024-04-04,Antibiotics,Azithromycin,2369.19
2024-04-04,Analgesics,Aspirin,1511.63
2024-04-05,Cardiovascular,Atorvastatin,930.19
2024-04-05,Antibiotics,Ciprofloxacin,2143.51
2024-04-05,Analgesics,Ibuprofen,1283.54
2024-04-06,Cardiovascular,Losartan,2153.46
2024-04-06,Antibiotics,Ciprofloxacin,1824.82
2024-04-06,Analgesics,Paracetamol,1982.62
2024-04-07,Cardiovascular,Losartan,951.47
2024-04-07,Antibiotics,Amoxicillin,1115.68
2024-04-07,Analgesics,Aspirin,1966.58
2024-04-08,Cardiovascular,Atorvastatin,1341.92
2024-04-08,Antibiotics,Ciprofloxacin,1668.47
2024-04-08,Analgesics,Paracetamol,519.05
2024-04-09,Cardiovascular,Amlodipine,2104.5
2024-04-09,Antibiotics,Ciprofloxacin,1602.48
2024-04-09,Analgesics,Paracetamol,2097.96
2024-04-10,Cardiovascular,Amlodipine,766.99
2024-04-10,Antibiotics,Amoxicillin,1120.85
2024-04-10,Analgesics,Ibuprofen,1858.69
2024-04-11,Cardiovascular,Losartan,875.84
2024-04-11,Antibiotics,Amoxicillin,1016.91
2024-04-11,Analgesics,Aspirin,2323.22
2024-04-12,Cardiovascular,Amlodipine,2227.1
2024-04-12,Antibiotics,Amoxicillin,878.87
2024-04-12,Analgesics,Aspirin,1980.15
2024-04-13,Cardiovascular,Losartan,637.86
2024-04-13,Antibiotics,Amoxicillin,1267.97
2024-04-13,Analgesics,Aspirin,1404.88
2024-04-14,Cardiovascular,Amlodipine,2394.99
2024-04-14,Antibiotics,Amoxicillin,1923.46
2024-04-14,Analgesics,Aspirin,1680.26
2024-04-15,Cardiovascular,Losartan,1654.57
2024-04-15,Antibiotics,Ciprofloxacin,1597.04
2024-04-15,Analgesics,Aspirin,1129.9
2024-04-16,Cardiovascular,Amlodipine,1235.76
2024-04-16,Antibiotics,Ciprofloxacin,948.4
2024-04-16,Analgesics,Ibuprofen,890.52
2024-04-17,Cardiovascular,Atorvastatin,1377.79
2024-04-17,Antibiotics,Azithromycin,1609.61
2024-04-17,Analgesics,Aspirin,1318.96
2024-04-18,Cardiovascular,Losartan,2123.34
2024-04-18,Antibiotics,Ciprofloxacin,912.21
2024-04-18,Analgesics,Ibuprofen,534.35
2024-04-19,Cardiovascular,Amlodipine,1179.33
2024-04-19,Antibiotics,Azithromycin,1375.06
2024-04-19,Analgesics,Paracetamol,1702.08
2024-04-20,Cardiovascular,Amlodipine,1158.03
2024-04-20,Antibiotics,Ciprofloxacin,1037.59
2024-04-20,Analgesics,Ibuprofen,1419.42
2024-04-21,Cardiovascular,Atorvastatin,1086.51
2024-04-21,Antibiotics,Azithromycin,542.96
2024-04-21,Analgesics,Ibuprofen,2183.69
2024-04-22,Cardiovascular,Losartan,1676.96
2024-04-22,Antibiotics,Ciprofloxacin,1205.54
2024-04-22,Analgesics,Ibuprofen,1268.77
2024-04-23,Cardiovascular,Atorvastatin,1075.61
2024-04-23,Antibiotics,Amoxicillin,2237.83
2024-04-23,Analgesics,Aspirin,1399.16
2024-04-24,Cardiovascular,Atorvastatin,1986.18
2024-04-24,Antibiotics,Azithromycin,1374.57
2024-04-24,Analgesics,Aspirin,1647.52
2024-04-25,Cardiovascular,Amlodipine,887.17
2024-04-25,Antibiotics,Amoxicillin,1903.53
2024-04-25,Analgesics,Aspirin,2121.19
2024-04-26,Cardiovascular,Amlodipine,1587.28
2024-04-26,Antibiotics,Ciprofloxacin,2190.1
2024-04-26,Analgesics,Ibuprofen,1634.19
2024-04-27,Cardiovascular,Losartan,2086.22
2024-04-27,Antibiotics,Ciprofloxacin,2134.82
2024-04-27,Analgesics,Paracetamol,1299.42
2024-04-28,Cardiovascular,Amlodipine,1230.72
2024-04-28,Antibiotics,Ciprofloxacin,1017.98
2024-04-28,Analgesics,Aspirin,1302.8
2024-04-29,Cardiovascular,Losartan,2440.88
2024-04-29,Antibiotics,Azithromycin,1903.02
2024-04-29,Analgesics,Aspirin,1741.87
2024-04-30,Cardiovascular,Amlodipine,1464.51
2024-04-30,Antibiotics,Azithromycin,2226.55
2024-04-30,Analgesics,Ibuprofen,1066.24
2024-05-01,Cardiovascular,Amlodipine,2021.23
2024-05-01,Antibiotics,Amoxicillin,598.05
2024-05-01,Analgesics,Aspirin,2316.46
2024-05-02,Cardiovascular,Amlodipine,893.09
2024-05-02,Antibiotics,Azithromycin,1848.45
2024-05-02,Analgesics,Aspirin,638.56
2024-05-03,Cardiovascular,Losartan,1870.19
2024-05-03,Antibiotics,Ciprofloxacin,554.98
2024-05-03,Analgesics,Ibuprofen,1544.86
2024-05-04,Cardiovascular,Losartan,1965.95
2024-05-04,Antibiotics,Azithromycin,1903.13
2024-05-04,Analgesics,Ibuprofen,694.29
2024-05-05,Cardiovascular,Losartan,1074.94
2024-05-05,Antibiotics,Azithromycin,1149.75
2024-05-05,Analgesics,Ibuprofen,1700.86
2024-05-06,Cardiovascular,Atorvastatin,1647.95
2024-05-06,Antibiotics,Azithromycin,1032.11
2024-05-06,Analgesics,Aspirin,1168.66
2024-05-07,Cardiovascular,Atorvastatin,1152.85
2024-05-07,Antibiotics,Amoxicillin,1097.25
2024-05-07,Analgesics,Ibuprofen,2078.93
2024-05-08,Cardiovascular,Losartan,976.96
2024-05-08,Antibiotics,Amoxicillin,2182.97
2024-05-08,Analgesics,Paracetamol,502.19
2024-05-09,Cardiovascular,Amlodipine,1202.64
2024-05-09,Antibiotics,Amoxicillin,1071.63
2024-05-09,Analgesics,Ibuprofen,1483.16
2024-05-10,Cardiovascular,Atorvastatin,1202.24
2024-05-10,Antibiotics,Amoxicillin,1611.79
2024-05-10,Analgesics,Aspirin,835.24
2024-05-11,Cardiovascular,Atorvastatin,2293.33
2024-05-11,Antibiotics,Azithromycin,1171.57
2024-05-11,Analgesics,Aspirin,515.04
2024-05-12,Cardiovascular,Atorvastatin,659.96
2024-05-12,Antibiotics,Amoxicillin,2255.39
2024-05-12,Analgesics,Ibuprofen,1736.75
2024-05-13,Cardiovascular,Atorvastatin,2240.58
2024-05-13,Antibiotics,Ciprofloxacin,1298.25
2024-05-13,Analgesics,Aspirin,1425.39
2024-05-14,Cardiovascular,Atorvastatin,1749.38
2024-05-14,Antibiotics,Ciprofloxacin,1681.69
2024-05-14,Analgesics,Paracetamol,2377.09
2024-05-15,Cardiovascular,Atorvastatin,1641.79
2024-05-15,Antibiotics,Amoxicillin,1752.7
2024-05-15,Analgesics,Paracetamol,1288.67
2024-05-16,Cardiovascular,Atorvastatin,1880.44
2024-05-16,Antibiotics,Amoxicillin,1563.68
2024-05-16,Analgesics,Aspirin,507.07
2024-05-17,Cardiovascular,Losartan,2215.17
2024-05-17,Antibiotics,Amoxicillin,1144.2
2024-05-17,Analgesics,Aspirin,2394.07
2024-05-18,Cardiovascular,Atorvastatin,1127.51
2024-05-18,Antibiotics,Amoxicillin,1428.94
2024-05-18,Analgesics,Paracetamol,1672.23
2024-05-19,Cardiovascular,Amlodipine,2065.04
2024-05-19,Antibiotics,Amoxicillin,2403.21
2024-05-19,Analgesics,Aspirin,1313.14
2024-05-20,Cardiovascular,Amlodipine,852.37
2024-05-20,Antibiotics,Ciprofloxacin,586.94
2024-05-20,Analgesics,Ibuprofen,1891.74
2024-05-21,Cardiovascular,Atorvastatin,891.17
2024-05-21,Antibiotics,Amoxicillin,2418.33
2024-05-21,Analgesics,Paracetamol,624.03
2024-05-22,Cardiovascular,Atorvastatin,1512.25
2024-05-22,Antibiotics,Ciprofloxacin,562.79
2024-05-22,Analgesics,Paracetamol,2035.18
2024-05-23,Cardiovascular,Atorvastatin,2402.79
2024-05-23,Antibiotics,Ciprofloxacin,2336.11
2024-05-23,Analgesics,Ibuprofen,731.39
2024-05-24,Cardiovascular,Atorvastatin,2487.86
2024-05-24,Antibiotics,Ciprofloxacin,1600.36
2024-05-24,Analgesics,Ibuprofen,1137.26
2024-05-25,Cardiovascular,Atorvastatin,1695.96
2024-05-25,Antibiotics,Amoxicillin,2430.79
2024-05-25,Analgesics,Aspirin,1673.08
2024-05-26,Cardiovascular,Atorvastatin,1908.04
2024-05-26,Antibiotics,Ciprofloxacin,2323.75
2024-05-26,Analgesics,Paracetamol,1899.67
2024-05-27,Cardiovascular,Amlodipine,712.09
2024-05-27,Antibiotics,Ciprofloxacin,915.64
2024-05-27,Analgesics,Aspirin,896.27
2024-05-28,Cardiovascular,Amlodipine,1431.54
2024-05-28,Antibiotics,Amoxicillin,832.3
2024-05-28,Analgesics,Aspirin,1821.21
2024-05-29,Cardiovascular,Amlodipine,983.45
2024-05-29,Antibiotics,Ciprofloxacin,862.23
2024-05-29,Analgesics,Aspirin,2154.55
2024-05-30,Cardiovascular,Losartan,1158.44
2024-05-30,Antibiotics,Azithromycin,2422.17
2024-05-30,Analgesics,Aspirin,2288.07
2024-05-31,Cardiovascular,Amlodipine,926.34
2024-05-31,Antibiotics,Amoxicillin,2489.22
2024-05-31,Analgesics,Aspirin,1452.25
2024-06-01,Cardiovascular,Losartan,1320.38
2024-06-01,Antibiotics,Ciprofloxacin,2259.2
2024-06-01,Analgesics,Paracetamol,1900.87
2024-06-02,Cardiovascular,Amlodipine,975.37
2024-06-02,Antibiotics,Ciprofloxacin,1052.94
2024-06-02,Analgesics,Aspirin,1072.78
2024-06-03,Cardiovascular,Losartan,1017.16
2024-06-03,Antibiotics,Ciprofloxacin,658.77
2024-06-03,Analgesics,Paracetamol,2183.49
2024-06-04,Cardiovascular,Losartan,1612.35
2024-06-04,Antibiotics,Azithromycin,1902.46
2024-06-04,Analgesics,Ibuprofen,1608.13
2024-06-05,Cardiovascular,Atorvastatin,2408.81
2024-06-05,Antibiotics,Amoxicillin,821.62
2024-06-05,Analgesics,Aspirin,1211.96
2024-06-06,Cardiovascular,Losartan,2386.21
2024-06-06,Antibiotics,Azithromycin,1023.15
2024-06-06,Analgesics,Paracetamol,1997.39
2024-06-07,Cardiovascular,Amlodipine,911.43
2024-06-07,Antibiotics,Ciprofloxacin,2345.3
2024-06-07,Analgesics,Paracetamol,1623.32
2024-06-08,Cardiovascular,Atorvastatin,617.15
2024-06-08,Antibiotics,Amoxicillin,1117.91
2024-06-08,Analgesics,Paracetamol,2411.44
2024-06-09,Cardiovascular,Amlodipine,807.04
2024-06-09,Antibiotics,Ciprofloxacin,747.17
2024-06-09,Analgesics,Paracetamol,1484.9
2024-06-10,Cardiovascular,Amlodipine,1135.88
2024-06-10,Antibiotics,Ciprofloxacin,1363.98
2024-06-10,Analgesics,Ibuprofen,1491.68
2024-06-11,Cardiovascular,Amlodipine,1369.74
2024-06-11,Antibiotics,Azithromycin,2105.5
2024-06-11,Analgesics,Paracetamol,1712.92
2024-06-12,Cardiovascular,Amlodipine,661.06
2024-06-12,Antibiotics,Ciprofloxacin,1194.41
2024-06-12,Analgesics,Ibuprofen,902.4
2024-06-13,Cardiovascular,Atorvastatin,645.96
2024-06-13,Antibiotics,Azithromycin,1580.66
2024-06-13,Analgesics,Paracetamol,994.15
2024-06-14,Cardiovascular,Atorvastatin,555.88
2024-06-14,Antibiotics,Amoxicillin,1363.47
2024-06-14,Analgesics,Aspirin,561.14
2024-06-15,Cardiovascular,Losartan,556.95
2024-06-15,Antibiotics,Azithromycin,989.22
2024-06-15,Analgesics,Paracetamol,1176.32
2024-06-16,Cardiovascular,Atorvastatin,530.54
2024-06-16,Antibiotics,Ciprofloxacin,1322.62
2024-06-16,Analgesics,Aspirin,2367.12
2024-06-17,Cardiovascular,Atorvastatin,1973.87
2024-06-17,Antibiotics,Ciprofloxacin,2311.11
2024-06-17,Analgesics,Paracetamol,1769.77
2024-06-18,Cardiovascular,Atorvastatin,688.21
2024-06-18,Antibiotics,Ciprofloxacin,1016.88
2024-06-18,Analgesics,Ibuprofen,2180.82
2024-06-19,Cardiovascular,Losartan,2409.62
2024-06-19,Antibiotics,Amoxicillin,1896.7
2024-06-19,Analgesics,Aspirin,1473.1
2024-06-20,Cardiovascular,Losartan,1455.51
2024-06-20,Antibiotics,Azithromycin,1645.74
2024-06-20,Analgesics,Aspirin,886.61
2024-06-21,Cardiovascular,Atorvastatin,1966.91
2024-06-21,Antibiotics,Amoxicillin,2010.92
2024-06-21,Analgesics,Ibuprofen,2079.89
2024-06-22,Cardiovascular,Amlodipine,1548.98
2024-06-22,Antibiotics,Ciprofloxacin,2215.36
2024-06-22,Analgesics,Aspirin,1582.22
2024-06-23,Cardiovascular,Atorvastatin,1689.19
2024-06-23,Antibiotics,Azithromycin,773.84
2024-06-23,Analgesics,Ibuprofen,609.59
2024-06-24,Cardiovascular,Atorvastatin,1068.22
2024-06-24,Antibiotics,Ciprofloxacin,865.98
2024-06-24,Analgesics,Aspirin,1083.23
2024-06-25,Cardiovascular,Amlodipine,1501.02
2024-06-25,Antibiotics,Azithromycin,1772.33
2024-06-25,Analgesics,Ibuprofen,1007.69
2024-06-26,Cardiovascular,Amlodipine,663.87
2024-06-26,Antibiotics,Amoxicillin,2449.58
2024-06-26,Analgesics,Aspirin,1148.95
2024-06-27,Cardiovascular,Atorvastatin,2209.51
2024-06-27,Antibiotics,Azithromycin,2223.24
2024-06-27,Analgesics,Paracetamol,2205.99
2024-06-28,Cardiovascular,Atorvastatin,1972.09
2024-06-28,Antibiotics,Amoxicillin,1363.61
2024-06-28,Analgesics,Paracetamol,914.54
2024-06-29,Cardiovascular,Amlodipine,849.5
2024-06-29,Antibiotics,Ciprofloxacin,1335.79
2024-06-29,Analgesics,Ibuprofen,510.39
2024-06-30,Cardiovascular,Amlodipine,2396.11
2024-06-30,Antibiotics,Ciprofloxacin,620.42
2024-06-30,Analgesics,Paracetamol,634.09
2024-07-01,Cardiovascular,Amlodipine,2278.41
2024-07-01,Antibiotics,Azithromycin,1689.91
2024-07-01,Analgesics,Ibuprofen,877.16
2024-07-02,Cardiovascular,Losartan,780.29
2024-07-02,Antibiotics,Amoxicillin,1336.41
2024-07-02,Analgesics,Paracetamol,1737.52
2024-07-03,Cardiovascular,Atorvastatin,1245.6
2024-07-03,Antibiotics,Azithromycin,1203.13
2024-07-03,Analgesics,Paracetamol,974.32
2024-07-04,Cardiovascular,Amlodipine,2471.39
2024-07-04,Antibiotics,Azithromycin,2094.44
2024-07-04,Analgesics,Paracetamol,1457.81
2024-07-05,Cardiovascular,Losartan,613.34
2024-07-05,Antibiotics,Ciprofloxacin,642.24
2024-07-05,Analgesics,Paracetamol,1677.75
2024-07-06,Cardiovascular,Amlodipine,1491.43
2024-07-06,Antibiotics,Azithromycin,2227.35
2024-07-06,Analgesics,Ibuprofen,735.04
2024-07-07,Cardiovascular,Amlodipine,2226.33
2024-07-07,Antibiotics,Azithromycin,1591.44
2024-07-07,Analgesics,Ibuprofen,1158.63
2024-07-08,Cardiovascular,Amlodipine,665.12
2024-07-08,Antibiotics,Ciprofloxacin,2140.71
2024-07-08,Analgesics,Paracetamol,641.86
2024-07-09,Cardiovascular,Amlodipine,2475.57
2024-07-09,Antibiotics,Ciprofloxacin,2192.3
2024-07-09,Analgesics,Aspirin,1222.18
2024-07-10,Cardiovascular,Amlodipine,2165.02
2024-07-10,Antibiotics,Ciprofloxacin,723.84
2024-07-10,Analgesics,Ibuprofen,926.93
2024-07-11,Cardiovascular,Atorvastatin,1094.64
2024-07-11,Antibiotics,Azithromycin,853.33
2024-07-11,Analgesics,Aspirin,1151.93
2024-07-12,Cardiovascular,Atorvastatin,1423.95
2024-07-12,Antibiotics,Azithromycin,2039.84
2024-07-12,Analgesics,Aspirin,2304.77
2024-07-13,Cardiovascular,Losartan,1435.19
2024-07-13,Antibiotics,Ciprofloxacin,1764.93
2024-07-13,Analgesics,Paracetamol,1882.35
2024-07-14,Cardiovascular,Losartan,1971.96
2024-07-14,Antibiotics,Azithromycin,1678.99
2024-07-14,Analgesics,Ibuprofen,1432.36
2024-07-15,Cardiovascular,Losartan,835.93
2024-07-15,Antibiotics,Azithromycin,2231.74
2024-07-15,Analgesics,Paracetamol,1755.46
2024-07-16,Cardiovascular,Losartan,2277.87
2024-07-16,Antibiotics,Azithromycin,1408.86
2024-07-16,Analgesics,Aspirin,1142.31
2024-07-17,Cardiovascular,Losartan,1557.95
2024-07-17,Antibiotics,Ciprofloxacin,610.14
2024-07-17,Analgesics,Paracetamol,1472.74
2024-07-18,Cardiovascular,Losartan,1106.89
2024-07-18,Antibiotics,Ciprofloxacin,1334.72
2024-07-18,Analgesics,Aspirin,1023.79
2024-07-19,Cardiovascular,Amlodipine,2460.0
2024-07-19,Antibiotics,Amoxicillin,1843.12
2024-07-19,Analgesics,Paracetamol,1045.03
2024-07-20,Cardiovascular,Losartan,2413.72
2024-07-20,Antibiotics,Amoxicillin,1580.05
2024-07-20,Analgesics,Aspirin,1214.74
2024-07-21,Cardiovascular,Amlodipine,2146.34
2024-07-21,Antibiotics,Amoxicillin,2454.27
2024-07-21,Analgesics,Aspirin,2274.08
2024-07-22,Cardiovascular,Atorvastatin,1674.67
2024-07-22,Antibiotics,Amoxicillin,1582.54
2024-07-22,Analgesics,Ibuprofen,604.72
2024-07-23,Cardiovascular,Amlodipine,2155.99
2024-07-23,Antibiotics,Azithromycin,1569.93
2024-07-23,Analgesics,Paracetamol,2359.94
2024-07-24,Cardiovascular,Losartan,2241.79
2024-07-24,Antibiotics,Azithromycin,2157.08
2024-07-24,Analgesics,Aspirin,1856.68
2024-07-25,Cardiovascular,Losartan,1184.0
2024-07-25,Antibiotics,Amoxicillin,1777.27
2024-07-25,Analgesics,Ibuprofen,2080.28
2024-07-26,Cardiovascular,Atorvastatin,1200.39
2024-07-26,Antibiotics,Ciprofloxacin,1049.12
2024-07-26,Analgesics,Paracetamol,656.99
2024-07-27,Cardiovascular,Atorvastatin,2400.7
2024-07-27,Antibiotics,Amoxicillin,1502.78
2024-07-27,Analgesics,Aspirin,1374.59
2024-07-28,Cardiovascular,Atorvastatin,1902.52
2024-07-28,Antibiotics,Ciprofloxacin,637.1
2024-07-28,Analgesics,Ibuprofen,1041.73
2024-07-29,Cardiovascular,Amlodipine,851.15
2024-07-29,Antibiotics,Ciprofloxacin,898.46
2024-07-29,Analgesics,Ibuprofen,1451.39
2024-07-30,Cardiovascular,Atorvastatin,2180.39
2024-07-30,Antibiotics,Ciprofloxacin,1274.64
2024-07-30,Analgesics,Ibuprofen,603.61
2024-07-31,Cardiovascular,Losartan,598.76
2024-07-31,Antibiotics,Azithromycin,1287.28
2024-07-31,Analgesics,Ibuprofen,1965.37
2024-08-01,Cardiovascular,Amlodipine,1702.94
2024-08-01,Antibiotics,Amoxicillin,2388.8
2024-08-01,Analgesics,Aspirin,2432.49
2024-08-02,Cardiovascular,Amlodipine,2171.46
2024-08-02,Antibiotics,Amoxicillin,2024.41
2024-08-02,Analgesics,Paracetamol,2150.29
2024-08-03,Cardiovascular,Losartan,1391.64
2024-08-03,Antibiotics,Ciprofloxacin,1002.11
2024-08-03,Analgesics,Paracetamol,1660.91
2024-08-04,Cardiovascular,Atorvastatin,894.55
2024-08-04,Antibiotics,Azithromycin,2490.77
2024-08-04,Analgesics,Aspirin,845.59
2024-08-05,Cardiovascular,Amlodipine,1518.74
2024-08-05,Antibiotics,Azithromycin,1176.77
2024-08-05,Analgesics,Paracetamol,1493.65
2024-08-06,Cardiovascular,Losartan,2456.41
2024-08-06,Antibiotics,Ciprofloxacin,2313.5
2024-08-06,Analgesics,Ibuprofen,1253.3
2024-08-07,Cardiovascular,Amlodipine,1945.18
2024-08-07,Antibiotics,Ciprofloxacin,1761.33
2024-08-07,Analgesics,Aspirin,650.56
2024-08-08,Cardiovascular,Amlodipine,1425.57
2024-08-08,Antibiotics,Azithromycin,1066.92
2024-08-08,Analgesics,Ibuprofen,2018.87
2024-08-09,Cardiovascular,Losartan,1329.64
2024-08-09,Antibiotics,Ciprofloxacin,1781.05
2024-08-09,Analgesics,Ibuprofen,733.25
2024-08-10,Cardiovascular,Atorvastatin,1597.18
2024-08-10,Antibiotics,Ciprofloxacin,2436.1
2024-08-10,Analgesics,Aspirin,565.59
2024-08-11,Cardiovascular,Losartan,997.66
2024-08-11,Antibiotics,Amoxicillin,1491.91
2024-08-11,Analgesics,Ibuprofen,1541.87
2024-08-12,Cardiovascular,Atorvastatin,2263.51
2024-08-12,Antibiotics,Amoxicillin,1993.31
2024-08-12,Analgesics,Ibuprofen,832.72
2024-08-13,Cardiovascular,Amlodipine,771.29
2024-08-13,Antibiotics,Amoxicillin,1617.91
2024-08-13,Analgesics,Aspirin,654.41
2024-08-14,Cardiovascular,Atorvastatin,1620.01
2024-08-14,Antibiotics,Ciprofloxacin,2428.0
2024-08-14,Analgesics,Aspirin,504.75
2024-08-15,Cardiovascular,Amlodipine,1511.62
2024-08-15,Antibiotics,Amoxicillin,1211.46
2024-08-15,Analgesics,Ibuprofen,1719.98
2024-08-16,Cardiovascular,Losartan,1536.45
2024-08-16,Antibiotics,Ciprofloxacin,1917.28
2024-08-16,Analgesics,Aspirin,800.01
2024-08-17,Cardiovascular,Atorvastatin,2304.81
2024-08-17,Antibiotics,Azithromycin,535.09
2024-08-17,Analgesics,Aspirin,741.57
2024-08-18,Cardiovascular,Amlodipine,1787.57
2024-08-18,Antibiotics,Amoxicillin,2157.63
2024-08-18,Analgesics,Aspirin,722.05
2024-08-19,Cardiovascular,Amlodipine,1998.55
2024-08-19,Antibiotics,Azithromycin,2049.58
2024-08-19,Analgesics,Aspirin,1654.24
2024-08-20,Cardiovascular,Losartan,2264.46
2024-08-20,Antibiotics,Azithromycin,2221.12
2024-08-20,Analgesics,Ibuprofen,1024.33
2024-08-21,Cardiovascular,Losartan,1617.74
2024-08-21,Antibiotics,Ciprofloxacin,831.88
2024-08-21,Analgesics,Paracetamol,2047.26
2024-08-22,Cardiovascular,Atorvastatin,1522.09
2024-08-22,Antibiotics,Azithromycin,1842.69
2024-08-22,Analgesics,Ibuprofen,1651.52
2024-08-23,Cardiovascular,Losartan,1509.55
2024-08-23,Antibiotics,Amoxicillin,2359.1
2024-08-23,Analgesics,Ibuprofen,1041.95
2024-08-24,Cardiovascular,Atorvastatin,1623.07
2024-08-24,Antibiotics,Ciprofloxacin,914.1
2024-08-24,Analgesics,Ibuprofen,1761.88
2024-08-25,Cardiovascular,Atorvastatin,500.86
2024-08-25,Antibiotics,Amoxicillin,1618.94
2024-08-25,Analgesics,Ibuprofen,2432.59
2024-08-26,Cardiovascular,Losartan,2340.13
2024-08-26,Antibiotics,Amoxicillin,1705.23
2024-08-26,Analgesics,Paracetamol,2018.96
2024-08-27,Cardiovascular,Atorvastatin,2439.19
2024-08-27,Antibiotics,Ciprofloxacin,2003.4
2024-08-27,Analgesics,Ibuprofen,1886.83
2024-08-28,Cardiovascular,Amlodipine,1242.03
2024-08-28,Antibiotics,Azithromycin,1250.99
2024-08-28,Analgesics,Aspirin,1403.75
2024-08-29,Cardiovascular,Losartan,741.55
2024-08-29,Antibiotics,Ciprofloxacin,2246.24
2024-08-29,Analgesics,Ibuprofen,923.73
2024-08-30,Cardiovascular,Amlodipine,2467.21
2024-08-30,Antibiotics,Azithromycin,1122.48
2024-08-30,Analgesics,Paracetamol,519.86
2024-08-31,Cardiovascular,Losartan,2394.88
2024-08-31,Antibiotics,Azithromycin,596.16
2024-08-31,Analgesics,Aspirin,1516.15
2024-09-01,Cardiovascular,Atorvastatin,1131.29
2024-09-01,Antibiotics,Azithromycin,658.41
2024-09-01,Analgesics,Ibuprofen,2155.75
2024-09-02,Cardiovascular,Losartan,1496.06
2024-09-02,Antibiotics,Ciprofloxacin,1217.67
2024-09-02,Analgesics,Ibuprofen,1968.08
2024-09-03,Cardiovascular,Atorvastatin,767.08
2024-09-03,Antibiotics,Amoxicillin,2334.75
2024-09-03,Analgesics,Ibuprofen,977.76
2024-09-04,Cardiovascular,Losartan,2216.94
2024-09-04,Antibiotics,Ciprofloxacin,731.89
2024-09-04,Analgesics,Paracetamol,782.57
2024-09-05,Cardiovascular,Losartan,704.81
2024-09-05,Antibiotics,Ciprofloxacin,2120.91
2024-09-05,Analgesics,Aspirin,1856.25
2024-09-06,Cardiovascular,Atorvastatin,729.72
2024-09-06,Antibiotics,Azithromycin,2367.5
2024-09-06,Analgesics,Aspirin,1843.83
2024-09-07,Cardiovascular,Losartan,1936.97
2024-09-07,Antibiotics,Azithromycin,1696.62
2024-09-07,Analgesics,Ibuprofen,602.22
2024-09-08,Cardiovascular,Losartan,910.59
2024-09-08,Antibiotics,Azithromycin,1342.04
2024-09-08,Analgesics,Ibuprofen,790.16
2024-09-09,Cardiovascular,Atorvastatin,1959.4
2024-09-09,Antibiotics,Amoxicillin,1660.37
2024-09-09,Analgesics,Ibuprofen,1917.37
2024-09-10,Cardiovascular,Amlodipine,678.96
2024-09-10,Antibiotics,Amoxicillin,554.63
2024-09-10,Analgesics,Ibuprofen,759.75
2024-09-11,Cardiovascular,Amlodipine,2469.0
2024-09-11,Antibiotics,Amoxicillin,599.17
2024-09-11,Analgesics,Ibuprofen,1143.51
2024-09-12,Cardiovascular,Atorvastatin,1087.54
2024-09-12,Antibiotics,Amoxicillin,1872.34
2024-09-12,Analgesics,Aspirin,2117.67
2024-09-13,Cardiovascular,Losartan,1333.55
2024-09-13,Antibiotics,Amoxicillin,2197.07
2024-09-13,Analgesics,Aspirin,1562.16
2024-09-14,Cardiovascular,Losartan,2442.24
2024-09-14,Antibiotics,Amoxicillin,1560.76
2024-09-14,Analgesics,Aspirin,2472.84
2024-09-15,Cardiovascular,Losartan,725.32
2024-09-15,Antibiotics,Amoxicillin,873.39
2024-09-15,Analgesics,Ibuprofen,1685.59
2024-09-16,Cardiovascular,Losartan,1705.73
2024-09-16,Antibiotics,Azithromycin,2190.86
2024-09-16,Analgesics,Ibuprofen,1003.43
2024-09-17,Cardiovascular,Amlodipine,1644.48
2024-09-17,Antibiotics,Azithromycin,618.16
2024-09-17,Analgesics,Paracetamol,1597.68
2024-09-18,Cardiovascular,Atorvastatin,763.17
2024-09-18,Antibiotics,Amoxicillin,1016.28
2024-09-18,Analgesics,Aspirin,559.44
2024-09-19,Cardiovascular,Amlodipine,957.84
2024-09-19,Antibiotics,Ciprofloxacin,1196.78
2024-09-19,Analgesics,Aspirin,921.01
2024-09-20,Cardiovascular,Amlodipine,812.72
2024-09-20,Antibiotics,Azithromycin,1694.83
2024-09-20,Analgesics,Aspirin,1794.93
2024-09-21,Cardiovascular,Atorvastatin,1644.6
2024-09-21,Antibiotics,Ciprofloxacin,2095.75
2024-09-21,Analgesics,Aspirin,986.95
2024-09-22,Cardiovascular,Atorvastatin,2336.05
2024-09-22,Antibiotics,Amoxicillin,904.55
2024-09-22,Analgesics,Paracetamol,2399.12
2024-09-23,Cardiovascular,Losartan,1227.0
2024-09-23,Antibiotics,Azithromycin,1530.45
2024-09-23,Analgesics,Paracetamol,1880.03
2024-09-24,Cardiovascular,Losartan,756.34
2024-09-24,Antibiotics,Azithromycin,2060.61
2024-09-24,Analgesics,Ibuprofen,627.96
2024-09-25,Cardiovascular,Amlodipine,628.73
2024-09-25,Antibiotics,Amoxicillin,896.82
2024-09-25,Analgesics,Paracetamol,2009.61
2024-09-26,Cardiovascular,Atorvastatin,657.44
2024-09-26,Antibiotics,Amoxicillin,1837.32
2024-09-26,Analgesics,Ibuprofen,2057.01
2024-09-27,Cardiovascular,Atorvastatin,1384.1
2024-09-27,Antibiotics,Amoxicillin,1806.65
2024-09-27,Analgesics,Ibuprofen,940.49
2024-09-28,Cardiovascular,Amlodipine,2312.34
2024-09-28,Antibiotics,Ciprofloxacin,1101.15
2024-09-28,Analgesics,Aspirin,1601.65
2024-09-29,Cardiovascular,Losartan,2225.35
2024-09-29,Antibiotics,Ciprofloxacin,1168.4
2024-09-29,Analgesics,Ibuprofen,2134.2
2024-09-30,Cardiovascular,Losartan,2065.46
2024-09-30,Antibiotics,Ciprofloxacin,648.91
2024-09-30,Analgesics,Ibuprofen,1141.04
2024-10-01,Cardiovascular,Atorvastatin,859.37
2024-10-01,Antibiotics,Ciprofloxacin,779.11
2024-10-01,Analgesics,Ibuprofen,1861.48
2024-10-02,Cardiovascular,Losartan,541.06
2024-10-02,Antibiotics,Azithromycin,1729.94
2024-10-02,Analgesics,Paracetamol,2200.21
2024-10-03,Cardiovascular,Losartan,1278.97
2024-10-03,Antibiotics,Ciprofloxacin,666.42
2024-10-03,Analgesics,Paracetamol,2168.45
2024-10-04,Cardiovascular,Amlodipine,1949.09
2024-10-04,Antibiotics,Azithromycin,1796.83
2024-10-04,Analgesics,Ibuprofen,2499.9
2024-10-05,Cardiovascular,Atorvastatin,2412.39
2024-10-05,Antibiotics,Azithromycin,1463.34
2024-10-05,Analgesics,Paracetamol,1025.1
2024-10-06,Cardiovascular,Atorvastatin,1979.81
2024-10-06,Antibiotics,Azithromycin,1052.47
2024-10-06,Analgesics,Ibuprofen,2463.45
2024-10-07,Cardiovascular,Atorvastatin,1965.79
2024-10-07,Antibiotics,Amoxicillin,1105.83
2024-10-07,Analgesics,Ibuprofen,2078.74
2024-10-08,Cardiovascular,Atorvastatin,2392.1
2024-10-08,Antibiotics,Azithromycin,2033.83
2024-10-08,Analgesics,Aspirin,2292.46
2024-10-09,Cardiovascular,Amlodipine,1491.61
2024-10-09,Antibiotics,Azithromycin,2017.05
2024-10-09,Analgesics,Paracetamol,2095.87
2024-10-10,Cardiovascular,Losartan,2473.6
2024-10-10,Antibiotics,Amoxicillin,1621.28
2024-10-10,Analgesics,Aspirin,2399.82
2024-10-11,Cardiovascular,Atorvastatin,1147.09
2024-10-11,Antibiotics,Azithromycin,1354.95
2024-10-11,Analgesics,Paracetamol,1037.84
2024-10-12,Cardiovascular,Atorvastatin,2439.45
2024-10-12,Antibiotics,Azithromycin,667.82
2024-10-12,Analgesics,Ibuprofen,1245.42
2024-10-13,Cardiovascular,Amlodipine,1630.25
2024-10-13,Antibiotics,Azithromycin,1268.99
2024-10-13,Analgesics,Ibuprofen,1179.17
2024-10-14,Cardiovascular,Amlodipine,1426.63
2024-10-14,Antibiotics,Amoxicillin,1763.65
2024-10-14,Analgesics,Ibuprofen,1909.16
2024-10-15,Cardiovascular,Losartan,1915.83
2024-10-15,Antibiotics,Amoxicillin,1549.02
2024-10-15,Analgesics,Ibuprofen,1221.58
2024-10-16,Cardiovascular,Atorvastatin,2153.16
2024-10-16,Antibiotics,Amoxicillin,1031.58
2024-10-16,Analgesics,Paracetamol,1535.44
2024-10-17,Cardiovascular,Amlodipine,2241.6
2024-10-17,Antibiotics,Azithromycin,738.21
2024-10-17,Analgesics,Paracetamol,682.0
2024-10-18,Cardiovascular,Losartan,2091.87
2024-10-18,Antibiotics,Ciprofloxacin,1303.79
2024-10-18,Analgesics,Paracetamol,686.95
2024-10-19,Cardiovascular,Amlodipine,1260.9
2024-10-19,Antibiotics,Amoxicillin,1737.01
2024-10-19,Analgesics,Aspirin,1444.48
2024-10-20,Cardiovascular,Losartan,1475.45
2024-10-20,Antibiotics,Azithromycin,2348.66
2024-10-20,Analgesics,Paracetamol,674.17
2024-10-21,Cardiovascular,Amlodipine,1432.26
2024-10-21,Antibiotics,Ciprofloxacin,1166.16
2024-10-21,Analgesics,Aspirin,1616.21
2024-10-22,Cardiovascular,Atorvastatin,572.37
2024-10-22,Antibiotics,Ciprofloxacin,1418.67
2024-10-22,Analgesics,Paracetamol,670.03
2024-10-23,Cardiovascular,Losartan,2076.28
2024-10-23,Antibiotics,Amoxicillin,1672.69
2024-10-23,Analgesics,Paracetamol,1805.04
2024-10-24,Cardiovascular,Amlodipine,1038.14
2024-10-24,Antibiotics,Ciprofloxacin,739.58
2024-10-24,Analgesics,Aspirin,1768.27
2024-10-25,Cardiovascular,Losartan,2273.1
2024-10-25,Antibiotics,Azithromycin,540.56
2024-10-25,Analgesics,Paracetamol,2371.59
2024-10-26,Cardiovascular,Losartan,945.31
2024-10-26,Antibiotics,Ciprofloxacin,1786.11
2024-10-26,Analgesics,Ibuprofen,978.74
2024-10-27,Cardiovascular,Amlodipine,2171.33
2024-10-27,Antibiotics,Amoxicillin,1952.06
2024-10-27,Analgesics,Ibuprofen,1889.02
2024-10-28,Cardiovascular,Amlodipine,978.15
2024-10-28,Antibiotics,Amoxicillin,2284.12
2024-10-28,Analgesics,Aspirin,2010.15
2024-10-29,Cardiovascular,Losartan,1292.62
2024-10-29,Antibiotics,Amoxicillin,1414.36
2024-10-29,Analgesics,Paracetamol,1711.12
2024-10-30,Cardiovascular,Atorvastatin,1250.86
2024-10-30,Antibiotics,Amoxicillin,987.82
2024-10-30,Analgesics,Paracetamol,865.7
2024-10-31,Cardiovascular,Atorvastatin,2046.67
2024-10-31,Antibiotics,Azithromycin,1983.52
2024-10-31,Analgesics,Paracetamol,1382.84
2024-11-01,Cardiovascular,Amlodipine,2252.23
2024-11-01,Antibiotics,Azithromycin,1082.89
2024-11-01,Analgesics,Aspirin,2122.35
2024-11-02,Cardiovascular,Amlodipine,2389.11
2024-11-02,Antibiotics,Azithromycin,1871.41
2024-11-02,Analgesics,Ibuprofen,1082.89
2024-11-03,Cardiovascular,Losartan,1366.23
2024-11-03,Antibiotics,Ciprofloxacin,510.39
2024-11-03,Analgesics,Paracetamol,1804.82
2024-11-04,Cardiovascular,Losartan,2236.88
2024-11-04,Antibiotics,Amoxicillin,721.66
2024-11-04,Analgesics,Paracetamol,1852.28
2024-11-05,Cardiovascular,Amlodipine,1863.13
2024-11-05,Antibiotics,Azithromycin,2342.86
2024-11-05,Analgesics,Paracetamol,2163.64
2024-11-06,Cardiovascular,Losartan,1155.64
2024-11-06,Antibiotics,Ciprofloxacin,2170.85
2024-11-06,Analgesics,Ibuprofen,1750.46
2024-11-07,Cardiovascular,Atorvastatin,1777.33
2024-11-07,Antibiotics,Azithromycin,1616.81
2024-11-07,Analgesics,Aspirin,2287.39
2024-11-08,Cardiovascular,Losartan,1039.18
2024-11-08,Antibiotics,Amoxicillin,1345.33
2024-11-08,Analgesics,Aspirin,1784.58
2024-11-09,Cardiovascular,Amlodipine,1912.52
2024-11-09,Antibiotics,Amoxicillin,2198.21
2024-11-09,Analgesics,Aspirin,759.16
2024-11-10,Cardiovascular,Losartan,1932.96
2024-11-10,Antibiotics,Amoxicillin,2247.46
2024-11-10,Analgesics,Aspirin,978.37
2024-11-11,Cardiovascular,Amlodipine,2283.31
2024-11-11,Antibiotics,Amoxicillin,887.7
2024-11-11,Analgesics,Paracetamol,1318.01
2024-11-12,Cardiovascular,Losartan,2259.92
2024-11-12,Antibiotics,Ciprofloxacin,2264.57
2024-11-12,Analgesics,Ibuprofen,1300.55
2024-11-13,Cardiovascular,Atorvastatin,1339.92
2024-11-13,Antibiotics,Ciprofloxacin,1703.89
2024-11-13,Analgesics,Aspirin,538.01
2024-11-14,Cardiovascular,Atorvastatin,2075.27
2024-11-14,Antibiotics,Amoxicillin,1725.1
2024-11-14,Analgesics,Paracetamol,611.15
2024-11-15,Cardiovascular,Losartan,1802.36
2024-11-15,Antibiotics,Azithromycin,1389.52
2024-11-15,Analgesics,Aspirin,1128.54
2024-11-16,Cardiovascular,Atorvastatin,746.05
2024-11-16,Antibiotics,Amoxicillin,2152.1
2024-11-16,Analgesics,Ibuprofen,1815.71
2024-11-17,Cardiovascular,Amlodipine,1737.82
2024-11-17,Antibiotics,Amoxicillin,2323.29
2024-11-17,Analgesics,Aspirin,1472.45
2024-11-18,Cardiovascular,Atorvastatin,704.28
2024-11-18,Antibiotics,Azithromycin,1310.22
2024-11-18,Analgesics,Ibuprofen,1996.23
2024-11-19,Cardiovascular,Atorvastatin,558.72
2024-11-19,Antibiotics,Amoxicillin,700.61
2024-11-19,Analgesics,Aspirin,504.52
2024-11-20,Cardiovascular,Losartan,1501.12
2024-11-20,Antibiotics,Ciprofloxacin,1571.43
2024-11-20,Analgesics,Ibuprofen,1872.93
2024-11-21,Cardiovascular,Atorvastatin,1037.74
2024-11-21,Antibiotics,Ciprofloxacin,1964.36
2024-11-21,Analgesics,Paracetamol,945.2
2024-11-22,Cardiovascular,Amlodipine,2348.48
2024-11-22,Antibiotics,Amoxicillin,790.99
2024-11-22,Analgesics,Ibuprofen,1932.67
2024-11-23,Cardiovascular,Losartan,1467.92
2024-11-23,Antibiotics,Amoxicillin,1825.52
2024-11-23,Analgesics,Ibuprofen,732.45
2024-11-24,Cardiovascular,Atorvastatin,2228.17
2024-11-24,Antibiotics,Azithromycin,1932.07
2024-11-24,Analgesics,Paracetamol,1342.24
2024-11-25,Cardiovascular,Amlodipine,1560.9
2024-11-25,Antibiotics,Ciprofloxacin,1653.65
2024-11-25,Analgesics,Ibuprofen,1740.88
2024-11-26,Cardiovascular,Losartan,2140.61
2024-11-26,Antibiotics,Ciprofloxacin,926.26
2024-11-26,Analgesics,Ibuprofen,1541.73
2024-11-27,Cardiovascular,Atorvastatin,2449.67
2024-11-27,Antibiotics,Ciprofloxacin,826.75
2024-11-27,Analgesics,Paracetamol,1959.37
2024-11-28,Cardiovascular,Losartan,1816.09
2024-11-28,Antibiotics,Ciprofloxacin,661.27
2024-11-28,Analgesics,Paracetamol,1101.04
2024-11-29,Cardiovascular,Atorvastatin,1708.1
2024-11-29,Antibiotics,Amoxicillin,2201.49
2024-11-29,Analgesics,Paracetamol,880.31
2024-11-30,Cardiovascular,Losartan,609.96
2024-11-30,Antibiotics,Amoxicillin,1037.47
2024-11-30,Analgesics,Ibuprofen,858.1
2024-12-01,Cardiovascular,Losartan,1998.91
2024-12-01,Antibiotics,Azithromycin,629.79
2024-12-01,Analgesics,Aspirin,1442.89
2024-12-02,Cardiovascular,Atorvastatin,663.32
2024-12-02,Antibiotics,Amoxicillin,2131.4
2024-12-02,Analgesics,Paracetamol,1170.77
2024-12-03,Cardiovascular,Atorvastatin,1596.1
2024-12-03,Antibiotics,Amoxicillin,1569.49
2024-12-03,Analgesics,Paracetamol,2150.77
2024-12-04,Cardiovascular,Atorvastatin,1446.52
2024-12-04,Antibiotics,Amoxicillin,1759.74
2024-12-04,Analgesics,Ibuprofen,1068.47
2024-12-05,Cardiovascular,Atorvastatin,1524.05
2024-12-05,Antibiotics,Azithromycin,1562.51
2024-12-05,Analgesics,Ibuprofen,2325.82
2024-12-06,Cardiovascular,Atorvastatin,2031.22
2024-12-06,Antibiotics,Amoxicillin,1546.17
2024-12-06,Analgesics,Aspirin,1953.72
2024-12-07,Cardiovascular,Losartan,812.12
2024-12-07,Antibiotics,Amoxicillin,1549.08
2024-12-07,Analgesics,Paracetamol,2302.1
2024-12-08,Cardiovascular,Losartan,2147.26
2024-12-08,Antibiotics,Azithromycin,1054.13
2024-12-08,Analgesics,Paracetamol,1678.27
2024-12-09,Cardiovascular,Losartan,832.39
2024-12-09,Antibiotics,Azithromycin,1734.24
2024-12-09,Analgesics,Aspirin,2111.27
2024-12-10,Cardiovascular,Atorvastatin,1765.28
2024-12-10,Antibiotics,Azithromycin,2168.34
2024-12-10,Analgesics,Paracetamol,1382.54
2024-12-11,Cardiovascular,Atorvastatin,761.83
2024-12-11,Antibiotics,Ciprofloxacin,1645.45
2024-12-11,Analgesics,Paracetamol,979.6
2024-12-12,Cardiovascular,Losartan,2384.07
2024-12-12,Antibiotics,Azithromycin,1175.68
2024-12-12,Analgesics,Aspirin,572.02
2024-12-13,Cardiovascular,Atorvastatin,1450.92
2024-12-13,Antibiotics,Ciprofloxacin,614.34
2024-12-13,Analgesics,Paracetamol,1886.51
2024-12-14,Cardiovascular,Atorvastatin,2417.99
2024-12-14,Antibiotics,Azithromycin,1596.0
2024-12-14,Analgesics,Aspirin,762.41
2024-12-15,Cardiovascular,Losartan,631.29
2024-12-15,Antibiotics,Ciprofloxacin,503.5
2024-12-15,Analgesics,Paracetamol,1281.09
2024-12-16,Cardiovascular,Losartan,1635.68
2024-12-16,Antibiotics,Amoxicillin,1330.88
2024-12-16,Analgesics,Aspirin,2472.16
2024-12-17,Cardiovascular,Losartan,1634.74
2024-12-17,Antibiotics,Amoxicillin,1331.49
2024-12-17,Analgesics,Aspirin,2242.95
2024-12-18,Cardiovascular,Amlodipine,1299.59
2024-12-18,Antibiotics,Azithromycin,534.44
2024-12-18,Analgesics,Ibuprofen,2293.1
2024-12-19,Cardiovascular,Losartan,637.99
2024-12-19,Antibiotics,Azithromycin,2283.69
2024-12-19,Analgesics,Aspirin,784.12
2024-12-20,Cardiovascular,Losartan,2126.12
2024-12-20,Antibiotics,Ciprofloxacin,1889.54
2024-12-20,Analgesics,Aspirin,816.25
2024-12-21,Cardiovascular,Amlodipine,1573.57
2024-12-21,Antibiotics,Ciprofloxacin,1993.42
2024-12-21,Analgesics,Ibuprofen,1470.17
2024-12-22,Cardiovascular,Amlodipine,1841.78
2024-12-22,Antibiotics,Azithromycin,1091.1
2024-12-22,Analgesics,Ibuprofen,2093.35
2024-12-23,Cardiovascular,Atorvastatin,2076.64
2024-12-23,Antibiotics,Amoxicillin,520.58
2024-12-23,Analgesics,Ibuprofen,1970.68
2024-12-24,Cardiovascular,Atorvastatin,2367.12
2024-12-24,Antibiotics,Ciprofloxacin,1911.14
2024-12-24,Analgesics,Ibuprofen,581.21
2024-12-25,Cardiovascular,Atorvastatin,546.39
2024-12-25,Antibiotics,Amoxicillin,929.07
2024-12-25,Analgesics,Ibuprofen,1267.73
2024-12-26,Cardiovascular,Atorvastatin,987.71
2024-12-26,Antibiotics,Azithromycin,1527.57
2024-12-26,Analgesics,Ibuprofen,2225.66
2024-12-27,Cardiovascular,Losartan,1536.23
2024-12-27,Antibiotics,Amoxicillin,1016.66
2024-12-27,Analgesics,Aspirin,680.57
2024-12-28,Cardiovascular,Amlodipine,1043.13
2024-12-28,Antibiotics,Amoxicillin,1513.42
2024-12-28,Analgesics,Ibuprofen,822.83
2024-12-29,Cardiovascular,Losartan,2145.9
2024-12-29,Antibiotics,Azithromycin,2051.14
2024-12-29,Analgesics,Paracetamol,2325.93
2024-12-30,Cardiovascular,Losartan,2461.91
2024-12-30,Antibiotics,Azithromycin,2080.81
2024-12-30,Analgesics,Aspirin,1804.4
2024-12-31,Cardiovascular,Amlodipine,1262.79
2024-12-31,Antibiotics,Amoxicillin,2416.4
2024-12-31,Analgesics,Aspirin,1236.91
